Date,Account,Category,Tags,Expense amount,Income amount,Currency,In main currency,Main currency,Description
1/1/25,DBS Savings,Leisure,books,0.84,0,SGD,612.00,CLP,Audible 
1/1/25,DBS Savings,Food & Drinks,restaurants,"11,853",0,CLP,"11,853",CLP,
1/2/25,DBS Savings,Food & Drinks,restaurants,"8,180",0,CLP,"8,180",CLP,
1/2/25,DBS Savings,Health & Personal Care,,"120,000",0,CLP,"120,000",CLP,
1/2/25,DBS Savings,Food & Drinks,restaurants,"7,950",0,CLP,"7,950",CLP,
1/3/25,DBS Savings,Health & Personal Care,,"260,000",0,CLP,"260,000",CLP,Therapy 
1/3/25,DBS Savings,Health & Personal Care,medical services,"45,000",0,CLP,"45,000",CLP,Orthodontist
1/3/25,DBS Savings,Home & Utilities,rent,"849,000",0,CLP,"849,000",CLP,
1/3/25,DBS Savings,Food & Drinks,groceries,"1,450",0,CLP,"1,450",CLP,
1/4/25,DBS Savings,Food & Drinks,restaurants,"14,209",0,CLP,"14,209",CLP,
1/4/25,DBS Savings,Food & Drinks,groceries,"2,490",0,CLP,"2,490",CLP,
1/4/25,DBS Savings,Home & Utilities,home improvement,"9,280",0,CLP,"9,280",CLP,The Pink Stuff
1/4/25,DBS Savings,Leisure,movies & TV,6.38,0,USD,"6,400.00",CLP,Disney plus
1/4/25,DBS Savings,Home & Utilities,home improvement,"15,980",0,CLP,"15,980",CLP,Shower mat
1/5/25,DBS Savings,Food & Drinks,coffee & tea,"4,400",0,CLP,"4,400",CLP,
1/5/25,DBS Savings,Food & Drinks,groceries,"25,116",0,CLP,"25,116",CLP,
1/6/25,DBS Savings,Food & Drinks,restaurants,"6,890",0,CLP,"6,890",CLP,
1/7/25,DBS Savings,Food & Drinks,restaurants,"4,400",0,CLP,"4,400",CLP,
1/7/25,DBS Savings,Home & Utilities,utilities,"54,060",0,CLP,"54,060",CLP,Freemet cleaning
1/7/25,DBS Savings,Home & Utilities,utilities,"14,476",0,CLP,"14,476",CLP,Enel
1/8/25,DBS Savings,Food & Drinks,groceries,"15,370",0,CLP,"15,370",CLP,
1/9/25,DBS Savings,Food & Drinks,restaurants,"7,280",0,CLP,"7,280",CLP,
1/9/25,DBS Savings,Food & Drinks,restaurants,"1,690",0,CLP,"1,690",CLP,
1/10/25,DBS Savings,Home & Utilities,internet,"25,819",0,CLP,"25,819",CLP,
1/10/25,DBS Savings,Food & Drinks,restaurants,"11,329",0,CLP,"11,329",CLP,
1/10/25,DBS Savings,Education,AI,23.80,0,USD,"24,025.00",CLP,ChatGPT
1/10/25,DBS Savings,Home & Utilities,home improvement,"17,890",0,CLP,"17,890",CLP,Adapters
1/11/25,DBS Savings,Food & Drinks,coffee & tea,"13,530",0,CLP,"13,530",CLP,
1/11/25,DBS Savings,Transport,taxi,"3,497",0,CLP,"3,497",CLP,
1/11/25,DBS Savings,Education,AI,"2,990",0,CLP,"2,990",CLP,Bear Pro
1/12/25,DBS Savings,Transport,taxi,"2,619",0,CLP,"2,619",CLP,
1/12/25,DBS Savings,Transport,taxi,"12,196",0,CLP,"12,196",CLP,
1/12/25,DBS Savings,Food & Drinks,restaurants,"20,559",0,CLP,"20,559",CLP,
1/12/25,DBS Savings,Food & Drinks,groceries,"37,862",0,CLP,"37,862",CLP,
1/13/25,DBS Savings,Food & Drinks,restaurants,"7,950",0,CLP,"7,950",CLP,
1/13/25,DBS Savings,Health & Personal Care,medical services,"263,736",0,CLP,"263,736",CLP,Banmedica
1/13/25,DBS Savings,Food & Drinks,groceries,"18,700",0,CLP,"18,700",CLP,
1/13/25,DBS Savings,Leisure,movies & TV,9.19,0,SGD,"6,772.00",CLP,
1/14/25,DBS Savings,Food & Drinks,restaurants,"8,800",0,CLP,"8,800",CLP,
1/14/25,DBS Savings,Transport,taxi,"24,298",0,CLP,"24,298",CLP,
1/14/25,DBS Savings,Food & Drinks,groceries,"9,120",0,CLP,"9,120",CLP,
1/14/25,DBS Savings,Food & Drinks,coffee & tea,"6,600",0,CLP,"6,600",CLP,
1/14/25,DBS Savings,Home & Utilities,mobile phone,"22,990",0,CLP,"22,990",CLP,Phone charger
1/14/25,DBS Savings,Transport,accommodation,"736,603",0,CLP,"736,603",CLP,Pop city hotel for mom and dad
1/14/25,DBS Savings,Food & Drinks,restaurants,"11,200",0,CLP,"11,200",CLP,
1/14/25,DBS Savings,Gifts,,"11,990",0,CLP,"11,990",CLP,Water bottle
1/15/25,DBS Savings,Transport,taxi,"4,678",0,CLP,"4,678",CLP,
1/15/25,DBS Savings,Food & Drinks,groceries,"10,970",0,CLP,"10,970",CLP,
1/15/25,DBS Savings,Food & Drinks,groceries,"5,900",0,CLP,"5,900",CLP,
1/15/25,DBS Savings,Food & Drinks,groceries,"18,150",0,CLP,"18,150",CLP,
1/15/25,DBS Savings,Food & Drinks,coffee & tea,"10,000",0,CLP,"10,000",CLP,
1/15/25,DBS Savings,Transport,taxi,"4,998",0,CLP,"4,998",CLP,
1/16/25,DBS Savings,Food & Drinks,coffee & tea,"24,800",0,CLP,"24,800",CLP,
1/16/25,DBS Savings,Transport,taxi,"4,897",0,CLP,"4,897",CLP,
1/16/25,DBS Savings,Food & Drinks,groceries,"24,417",0,CLP,"24,417",CLP,
1/16/25,DBS Savings,Food & Drinks,restaurants,"54,560",0,CLP,"54,560",CLP,
1/17/25,DBS Savings,Transport,travel,"107,118",0,CLP,"107,118",CLP,Cajón de Maipo tour
1/17/25,DBS Savings,Food & Drinks,restaurants,"3,000",0,CLP,"3,000",CLP,Ice cream
1/18/25,DBS Savings,Food & Drinks,coffee & tea,"2,200",0,CLP,"2,200",CLP,
1/18/25,DBS Savings,Transport,taxi,"1,419",0,CLP,"1,419",CLP,
1/18/25,DBS Savings,Food & Drinks,coffee & tea,"4,350",0,CLP,"4,350",CLP,
1/18/25,DBS Savings,Transport,taxi,"2,999",0,CLP,"2,999",CLP,
1/18/25,DBS Savings,Food & Drinks,groceries,"23,016",0,CLP,"23,016",CLP,
1/18/25,DBS Savings,Health & Personal Care,cosmetics,"20,990",0,CLP,"20,990",CLP,
1/18/25,DBS Savings,Health & Personal Care,cosmetics,"7,990",0,CLP,"7,990",CLP,
1/19/25,DBS Savings,Food & Drinks,groceries,"32,171",0,CLP,"32,171",CLP,
1/19/25,DBS Savings,Transport,taxi,"6,939",0,CLP,"6,939",CLP,
1/19/25,DBS Savings,Gifts,,"6,000",0,CLP,"6,000",CLP,Souvenir for mom 
1/19/25,DBS Savings,Transport,taxi,"4,579",0,CLP,"4,579",CLP,
1/20/25,DBS Savings,Transport,taxi,"7,994",0,CLP,"7,994",CLP,
1/20/25,DBS Savings,Transport,travel,"162,000",0,CLP,"162,000",CLP,City tour
1/20/25,DBS Savings,Transport,taxi,"3,899",0,CLP,"3,899",CLP,
1/20/25,DBS Savings,Transport,taxi,"2,309",0,CLP,"2,309",CLP,
1/20/25,DBS Savings,Food & Drinks,groceries,"2,120",0,CLP,"2,120",CLP,
1/20/25,DBS Savings,Health & Personal Care,gym/exercise,35.24,0,SGD,"26,189.00",CLP,ClassPass
1/21/25,DBS Savings,Food & Drinks,groceries,"39,810",0,CLP,"39,810",CLP,
1/21/25,DBS Savings,Education,,790,0,CLP,790,CLP,iCloud
1/21/25,DBS Savings,Transport,airplane,"932,324",0,CLP,"932,324",CLP,
1/21/25,DBS Savings,Food & Drinks,restaurants,"50,960",0,CLP,"50,960",CLP,
1/21/25,DBS Savings,Health & Personal Care,,"10,198",0,CLP,"10,198",CLP,Shower gel and eye drops
1/21/25,DBS Savings,Transport,accommodation,"625,796",0,CLP,"625,796",CLP,Airbnb
1/21/25,DBS Savings,Transport,taxi,"12,000",0,CLP,"12,000",CLP,
1/21/25,DBS Savings,Food & Drinks,coffee & tea,"10,000",0,CLP,"10,000",CLP,
1/22/25,DBS Savings,Education,AI,29.00,0,USD,"28,748.00",CLP,Sudowrite
1/22/25,DBS Savings,Transport,travel,"28,000",0,CLP,"28,000",CLP,Entrada cueva de milodones
1/22/25,DBS Savings,Food & Drinks,coffee & tea,"3,000",0,CLP,"3,000",CLP,
1/22/25,DBS Savings,Food & Drinks,restaurants,"49,900",0,CLP,"49,900",CLP,
1/22/25,DBS Savings,Transport,travel,"74,200",0,CLP,"74,200",CLP,Park entrance
1/22/25,DBS Savings,Leisure,music,4.54,0,USD,"4,501.00",CLP,Spotify 
1/22/25,DBS Savings,Transport,travel,"639,000",0,CLP,"639,000",CLP,Torres del Paine tour
1/23/25,DBS Savings,Food & Drinks,coffee & tea,"7,600",0,CLP,"7,600",CLP,
1/23/25,DBS Savings,Food & Drinks,groceries,"5,000",0,CLP,"5,000",CLP,
1/24/25,DBS Savings,Food & Drinks,restaurants,"53,570",0,CLP,"53,570",CLP,
1/24/25,DBS Savings,Food & Drinks,groceries,"17,317",0,CLP,"17,317",CLP,
1/24/25,DBS Savings,Health & Personal Care,massage,"85,000",0,CLP,"85,000",CLP,
1/24/25,DBS Savings,Gifts,,"8,000",0,CLP,"8,000",CLP,Calafate jam for mom
1/25/25,DBS Savings,Transport,taxi,"2,991",0,CLP,"2,991",CLP,
1/25/25,DBS Savings,Food & Drinks,coffee & tea,"9,570",0,CLP,"9,570",CLP,
1/25/25,DBS Savings,Transport,taxi,"28,000",0,CLP,"28,000",CLP,Boat museum
1/25/25,DBS Savings,Food & Drinks,restaurants,"20,280",0,CLP,"20,280",CLP,
1/25/25,DBS Savings,Transport,travel,"84,000",0,CLP,"84,000",CLP,Punta Arenas city tour
1/25/25,DBS Savings,Transport,travel,"48,480",0,CLP,"48,480",CLP,Bus to Punta Arenas
1/25/25,DBS Savings,Transport,taxi,"2,195",0,CLP,"2,195",CLP,
1/26/25,DBS Savings,Transport,taxi,"6,998",0,CLP,"6,998",CLP,
1/26/25,DBS Savings,Food & Drinks,restaurants,"36,638",0,CLP,"36,638",CLP,
1/26/25,DBS Savings,Food & Drinks,coffee & tea,"4,600",0,CLP,"4,600",CLP,
1/26/25,DBS Savings,Food & Drinks,groceries,"2,080",0,CLP,"2,080",CLP,
1/27/25,DBS Savings,Transport,taxi,"2,697",0,CLP,"2,697",CLP,
1/27/25,DBS Savings,Food & Drinks,groceries,"32,926",0,CLP,"32,926",CLP,
1/27/25,DBS Savings,Home & Utilities,gastos comunes,"495,301",0,CLP,"495,301",CLP,
1/27/25,DBS Savings,Food & Drinks,restaurants,"33,460",0,CLP,"33,460",CLP,
1/27/25,DBS Savings,Food & Drinks,groceries,"8,250",0,CLP,"8,250",CLP,
1/27/25,DBS Savings,Transport,taxi,"3,192",0,CLP,"3,192",CLP,
1/27/25,DBS Savings,Transport,taxi,"27,000",0,CLP,"27,000",CLP,Airport taxi
1/27/25,DBS Savings,Clothing & Footwear,shoes,"14,990",0,CLP,"14,990",CLP,Sneak Clean 
1/27/25,DBS Savings,Home & Utilities,cat,"303,000",0,CLP,"303,000",CLP,Leyla cat hotel
1/27/25,DBS Savings,Home & Utilities,cat,"57,890",0,CLP,"57,890",CLP,Laqu litter
1/28/25,DBS Savings,Health & Personal Care,cosmetics,"31,498",0,CLP,"31,498",CLP,Sunscreen
1/28/25,DBS Savings,Food & Drinks,restaurants,"39,368",0,CLP,"39,368",CLP,
1/29/25,DBS Savings,Food & Drinks,restaurants,"10,000",0,CLP,"10,000",CLP,
1/29/25,DBS Savings,Transport,travel,"237,507",0,CLP,"237,507",CLP,Valpo Viña trip
1/29/25,DBS Savings,Food & Drinks,coffee & tea,"4,180",0,CLP,"4,180",CLP,
1/29/25,DBS Savings,Food & Drinks,restaurants,"35,200",0,CLP,"35,200",CLP,
1/29/25,DBS Savings,Transport,taxi,"3,866",0,CLP,"3,866",CLP,
1/29/25,DBS Savings,Gifts,,"31,000",0,CLP,"31,000",CLP,Gifts for family
1/29/25,DBS Savings,Transport,taxi,"3,782",0,CLP,"3,782",CLP,
1/30/25,DBS Savings,Health & Personal Care,gym/exercise,"15,990",0,CLP,"15,990",CLP,ClassPass top up
1/30/25,DBS Savings,Transport,taxi,"3,693",0,CLP,"3,693",CLP,
1/30/25,DBS Savings,Transport,taxi,"4,228",0,CLP,"4,228",CLP,
1/30/25,DBS Savings,Transport,taxi,"1,855",0,CLP,"1,855",CLP,
1/31/25,DBS Savings,Transport,taxi,"3,096",0,CLP,"3,096",CLP,
1/31/25,DBS Savings,Transport,taxi,"3,697",0,CLP,"3,697",CLP,
1/31/25,DBS Savings,Transport,taxi,"7,294",0,CLP,"7,294",CLP,
1/31/25,DBS Savings,Food & Drinks,coffee & tea,"10,000",0,CLP,"10,000",CLP,
1/31/25,DBS Savings,Clothing & Footwear,accessories,"53,990",0,CLP,"53,990",CLP,Kadú bag
1/31/25,DBS Savings,Food & Drinks,restaurants,"41,976",0,CLP,"41,976",CLP,
2/1/25,DBS Savings,Gifts,,"28,698",0,CLP,"28,698",CLP,Maqui powder
2/1/25,DBS Savings,Health & Personal Care,medicine,"15,377",0,CLP,"15,377",CLP,Lexapro
2/2/25,DBS Savings,Gifts,,"20,500",0,CLP,"20,500",CLP,Walnuts for mom
2/2/25,DBS Savings,Food & Drinks,groceries,"3,500",0,CLP,"3,500",CLP,Brekkie bread
2/2/25,DBS Savings,Food & Drinks,groceries,"20,242",0,CLP,"20,242",CLP,
2/2/25,DBS Savings,Health & Personal Care,medical services,"195,000",0,CLP,"195,000",CLP,Therapy
2/3/25,DBS Savings,Leisure,books,0.86,0,SGD,623.00,CLP,Audible
2/3/25,DBS Savings,Food & Drinks,restaurants,"9,424",0,CLP,"9,424",CLP,
2/3/25,DBS Savings,Food & Drinks,groceries,"22,708",0,CLP,"22,708",CLP,
2/3/25,DBS Savings,Food & Drinks,coffee & tea,"10,000",0,CLP,"10,000",CLP,
2/3/25,DBS Savings,Home & Utilities,rent,"887,205",0,CLP,"887,205",CLP,
2/4/25,DBS Savings,Transport,travel card,"6,000",0,CLP,"6,000",CLP,
2/4/25,DBS Savings,Education,AI,48.80,0,SGD,"35,316.00",CLP,Reflection AI
2/4/25,DBS Savings,Food & Drinks,groceries,"2,340",0,CLP,"2,340",CLP,
2/4/25,DBS Savings,Health & Personal Care,medical services,"1,375,580",0,CLP,"1,375,580",CLP,Invisalign
2/5/25,DBS Savings,Leisure,art,"40,260",0,CLP,"40,260",CLP,Canvases for gallery wall
2/6/25,DBS Savings,Food & Drinks,restaurants,"9,550",0,CLP,"9,550",CLP,
2/6/25,DBS Savings,Food & Drinks,restaurants,"9,303",0,CLP,"9,303",CLP,
2/6/25,DBS Savings,Health & Personal Care,cosmetics,"15,992",0,CLP,"15,992",CLP,3ina concealer
2/6/25,DBS Savings,Food & Drinks,restaurants,"5,500",0,CLP,"5,500",CLP,
2/7/25,DBS Savings,Food & Drinks,coffee & tea,"10,000",0,CLP,"10,000",CLP,
2/7/25,DBS Savings,Food & Drinks,groceries,"22,512",0,CLP,"22,512",CLP,
2/8/25,DBS Savings,Food & Drinks,restaurants,"13,740",0,CLP,"13,740",CLP,
2/8/25,DBS Savings,Transport,travel card,"4,000",0,CLP,"4,000",CLP,
2/8/25,DBS Savings,Home & Utilities,water,"188,070",0,CLP,"188,070",CLP,Maihue
2/8/25,DBS Savings,Transport,taxi,"3,995",0,CLP,"3,995",CLP,
2/9/25,DBS Savings,Food & Drinks,groceries,"55,182",0,CLP,"55,182",CLP,Protein powder
2/9/25,DBS Savings,Food & Drinks,groceries,"31,140",0,CLP,"31,140",CLP,
2/10/25,DBS Savings,Food & Drinks,groceries,"13,909",0,CLP,"13,909",CLP,
2/10/25,DBS Savings,Home & Utilities,internet,"26,387",0,CLP,"26,387",CLP,
2/10/25,DBS Savings,Leisure,books,"10,000",0,CLP,"10,000",CLP,Club de lectura lela
2/11/25,DBS Savings,Food & Drinks,groceries,"1,840",0,CLP,"1,840",CLP,
2/11/25,DBS Savings,Education,AI,"2,990",0,CLP,"2,990",CLP,Bear Pro
2/11/25,DBS Savings,Food & Drinks,coffee & tea,"4,200",0,CLP,"4,200",CLP,
2/13/25,DBS Savings,Transport,taxi,"3,737",0,CLP,"3,737",CLP,
2/13/25,DBS Savings,Leisure,events,"13,440",0,CLP,"13,440",CLP,Comedy at Chueca
2/13/25,DBS Savings,Transport,taxi,"4,703",0,CLP,"4,703",CLP,
2/13/25,DBS Savings,Food & Drinks,groceries,"26,770",0,CLP,"26,770",CLP,
2/13/25,DBS Savings,Food & Drinks,restaurants,"11,199",0,CLP,"11,199",CLP,
2/13/25,DBS Savings,Food & Drinks,coffee & tea,"10,000",0,CLP,"10,000",CLP,
2/14/25,DBS Savings,Transport,taxi,"4,128",0,CLP,"4,128",CLP,
2/14/25,DBS Savings,Food & Drinks,restaurants,"7,280",0,CLP,"7,280",CLP,
2/14/25,DBS Savings,Food & Drinks,restaurants,"7,290",0,CLP,"7,290",CLP,
2/15/25,DBS Savings,Leisure,movies & TV,9.55,0,SGD,"6,782.00",CLP,Netflix
2/15/25,DBS Savings,Home & Utilities,utilities,"20,852",0,CLP,"20,852",CLP,Enel
2/15/25,DBS Savings,Food & Drinks,restaurants,"12,050",0,CLP,"12,050",CLP,
2/15/25,DBS Savings,Food & Drinks,restaurants,"13,909",0,CLP,"13,909",CLP,
2/15/25,DBS Savings,Transport,taxi,"3,120",0,CLP,"3,120",CLP,
2/16/25,DBS Savings,Food & Drinks,restaurants,"15,229",0,CLP,"15,229",CLP,
2/17/25,DBS Savings,Education,,"229,000",0,CLP,"229,000",CLP,Driving classes
2/17/25,DBS Savings,Health & Personal Care,medical services,"759,086",0,CLP,"759,086",CLP,Banmedica
2/17/25,DBS Savings,Health & Personal Care,gym/exercise,51.71,0,SGD,"36,537.00",CLP,Class Pass
2/17/25,DBS Savings,Leisure,movies & TV,"1,945",0,CLP,"1,945",CLP,Cinema Flow
2/17/25,DBS Savings,Food & Drinks,restaurants,"9,550",0,CLP,"9,550",CLP,
2/18/25,DBS Savings,Food & Drinks,restaurants,"19,030",0,CLP,"19,030",CLP,
2/18/25,DBS Savings,Health & Personal Care,manicure/pedicure,"26,500",0,CLP,"26,500",CLP,Pedicure
2/18/25,DBS Savings,Transport,taxi,"3,566",0,CLP,"3,566",CLP,
2/18/25,DBS Savings,Transport,taxi,"3,461",0,CLP,"3,461",CLP,
2/19/25,DBS Savings,Food & Drinks,restaurants,"11,329",0,CLP,"11,329",CLP,
2/19/25,DBS Savings,Food & Drinks,groceries,"40,130",0,CLP,"40,130",CLP,
2/20/25,DBS Savings,Food & Drinks,groceries,"5,120",0,CLP,"5,120",CLP,
2/20/25,DBS Savings,Food & Drinks,coffee & tea,"10,000",0,CLP,"10,000",CLP,
2/21/25,DBS Savings,Home & Utilities,gastos comunes,"206,246",0,CLP,"206,246",CLP,
2/21/25,DBS Savings,Transport,taxi,"4,095",0,CLP,"4,095",CLP,
2/21/25,DBS Savings,Food & Drinks,restaurants,"3,000",0,CLP,"3,000",CLP,
2/21/25,DBS Savings,Education,,790,0,CLP,790,CLP,iCloud
2/21/25,DBS Savings,Education,,15.00,0,USD,"14,141.00",CLP,Upwork
2/21/25,DBS Savings,Education,AI,11.89,0,USD,"11,209.00",CLP,Google colab
2/21/25,DBS Savings,Food & Drinks,restaurants,"6,980",0,CLP,"6,980",CLP,
2/22/25,DBS Savings,Education,AI,14.50,0,USD,"13,670.00",CLP,Sudowrite
2/22/25,DBS Savings,Leisure,movies & TV,"13,500",0,CLP,"13,500",CLP,Disney Plus
2/22/25,DBS Savings,Clothing & Footwear,underwear,"79,970",0,CLP,"79,970",CLP,Bras and underwear from Women’s Secret
2/23/25,DBS Savings,Food & Drinks,restaurants,"9,550",0,CLP,"9,550",CLP,
2/24/25,DBS Savings,Food & Drinks,groceries,"11,700",0,CLP,"11,700",CLP,
2/24/25,DBS Savings,Food & Drinks,restaurants,"9,570",0,CLP,"9,570",CLP,
2/24/25,DBS Savings,Transport,taxi,"4,090",0,CLP,"4,090",CLP,
2/24/25,DBS Savings,Transport,taxi,"3,191",0,CLP,"3,191",CLP,
2/25/25,DBS Savings,Transport,travel card,"4,000",0,CLP,"4,000",CLP,
2/26/25,DBS Savings,Food & Drinks,groceries,"2,000",0,CLP,"2,000",CLP,
2/26/25,DBS Savings,Food & Drinks,restaurants,"14,209",0,CLP,"14,209",CLP,
2/27/25,DBS Savings,Food & Drinks,restaurants,"20,570",0,CLP,"20,570",CLP,
2/27/25,DBS Savings,Transport,taxi,"4,948",0,CLP,"4,948",CLP,
2/28/25,DBS Savings,Food & Drinks,restaurants,"9,550",0,CLP,"9,550",CLP,
2/28/25,DBS Savings,Food & Drinks,coffee & tea,"6,400",0,CLP,"6,400",CLP,
3/1/25,DBS Savings,Health & Personal Care,medicine,"23,140",0,CLP,"23,140",CLP,B12 supplement
3/1/25,DBS Savings,Food & Drinks,groceries,"60,720",0,CLP,"60,720",CLP,Aldea Nativa restock
3/1/25,DBS Savings,Leisure,books,0.83,0,SGD,591.00,CLP,
3/1/25,DBS Savings,Leisure,"events, music","84,874",0,CLP,"84,874",CLP,BIG TIME RUSH!
3/1/25,DBS Savings,Food & Drinks,groceries,"42,230",0,CLP,"42,230",CLP,
3/1/25,DBS Savings,Transport,taxi,"17,593",0,CLP,"17,593",CLP,
3/1/25,DBS Savings,Transport,taxi,"16,372",0,CLP,"16,372",CLP,
3/2/25,DBS Savings,Food & Drinks,groceries,"38,338",0,CLP,"38,338",CLP,
3/2/25,DBS Savings,Food & Drinks,coffee & tea,"1,000",0,CLP,"1,000",CLP,
3/3/25,DBS Savings,Leisure,violin,"70,000",0,CLP,"70,000",CLP,
3/3/25,DBS Savings,Food & Drinks,coffee & tea,"10,000",0,CLP,"10,000",CLP,
3/4/25,DBS Savings,Home & Utilities,rent,"887,205",0,CLP,"887,205",CLP,
3/5/25,DBS Savings,Food & Drinks,restaurants,"9,354",0,CLP,"9,354",CLP,
3/6/25,DBS Savings,Transport,taxi,"4,197",0,CLP,"4,197",CLP,
3/6/25,DBS Savings,Food & Drinks,coffee & tea,"15,950",0,CLP,"15,950",CLP,
3/6/25,DBS Savings,Transport,taxi,"11,520",0,CLP,"11,520",CLP,
3/7/25,DBS Savings,Transport,taxi,"6,026",0,CLP,"6,026",CLP,
3/7/25,DBS Savings,Food & Drinks,coffee & tea,"14,839",0,CLP,"14,839",CLP,
3/7/25,DBS Savings,Transport,travel card,"4,000",0,CLP,"4,000",CLP,
3/8/25,DBS Savings,Transport,taxi,"4,742",0,CLP,"4,742",CLP,
3/8/25,DBS Savings,Health & Personal Care,gym/exercise,"3,000",0,CLP,"3,000",CLP,Outdoor  Zumba
3/8/25,DBS Savings,Food & Drinks,restaurants,"10,879",0,CLP,"10,879",CLP,
3/8/25,DBS Savings,Clothing & Footwear,accessories,"10,013",0,CLP,"10,013",CLP,Fitbit strap replacement
3/8/25,DBS Savings,Food & Drinks,groceries,"7,500",0,CLP,"7,500",CLP,
3/9/25,DBS Savings,Food & Drinks,restaurants,"14,980",0,CLP,"14,980",CLP,
3/9/25,DBS Savings,Health & Personal Care,cosmetics,"21,500",0,CLP,"21,500",CLP,Face wash and hair gel
3/9/25,DBS Savings,Health & Personal Care,medicine,"9,099",0,CLP,"9,099",CLP,Contact lens solution
3/10/25,DBS Savings,Home & Utilities,internet,"26,387",0,CLP,"26,387",CLP,
3/10/25,DBS Savings,Home & Utilities,utilities,"22,332",0,CLP,"22,332",CLP,Enel
3/11/25,DBS Savings,Clothing & Footwear,clothes,"42,180",0,CLP,"42,180",CLP,New clothes
3/11/25,DBS Savings,Food & Drinks,restaurants,"12,480",0,CLP,"12,480",CLP,
3/12/25,DBS Savings,Clothing & Footwear,clothes,"8,776",0,CLP,"8,776",CLP,Second hand clothes
3/12/25,DBS Savings,Food & Drinks,coffee & tea,"10,000",0,CLP,"10,000",CLP,
3/12/25,DBS Savings,Food & Drinks,restaurants,"7,280",0,CLP,"7,280",CLP,
3/13/25,DBS Savings,Food & Drinks,groceries,"33,910",0,CLP,"33,910",CLP,
3/13/25,DBS Savings,Education,AI,23.80,0,USD,"22,243.00",CLP,ChatGPT
3/13/25,DBS Savings,Transport,taxi,"6,215",0,CLP,"6,215",CLP,
3/13/25,DBS Savings,Food & Drinks,restaurants,"12,408",0,CLP,"12,408",CLP,Casa Cien
3/14/25,DBS Savings,Health & Personal Care,massage,"36,000",0,CLP,"36,000",CLP,
3/14/25,DBS Savings,Home & Utilities,cat,"10,000",0,CLP,"10,000",CLP,Hair trim
3/14/25,DBS Savings,Food & Drinks,coffee & tea,"8,228",0,CLP,"8,228",CLP,Cool cats cafe
3/14/25,DBS Savings,Food & Drinks,restaurants,"9,300",0,CLP,"9,300",CLP,
3/15/25,DBS Savings,Health & Personal Care,medicine,"3,598",0,CLP,"3,598",CLP,Lexapro
3/15/25,DBS Savings,Education,,"2,990",0,CLP,"2,990",CLP,Bear Pro
3/16/25,DBS Savings,Food & Drinks,groceries,"3,500",0,CLP,"3,500",CLP,
3/17/25,DBS Savings,Food & Drinks,groceries,"18,970",0,CLP,"18,970",CLP,
3/18/25,DBS Savings,Health & Personal Care,medical services,"136,259",0,CLP,"136,259",CLP,Invisalign
3/19/25,DBS Savings,Food & Drinks,restaurants,"7,500",0,CLP,"7,500",CLP,
3/19/25,DBS Savings,Food & Drinks,coffee & tea,"10,000",0,CLP,"10,000",CLP,
3/20/25,DBS Savings,Food & Drinks,coffee & tea,"5,610",0,CLP,"5,610",CLP,
3/21/25,DBS Savings,Food & Drinks,groceries,"21,389",0,CLP,"21,389",CLP,
3/21/25,DBS Savings,Education,,790,0,CLP,790,CLP,iCloud
3/22/25,DBS Savings,Leisure,movies & TV,"13,500",0,CLP,"13,500",CLP,Disney+
3/22/25,DBS Savings,Food & Drinks,restaurants,"37,818",0,CLP,"37,818",CLP,
3/22/25,DBS Savings,Food & Drinks,restaurants,"9,804",0,CLP,"9,804",CLP,
3/22/25,DBS Savings,Clothing & Footwear,accessories,"44,500",0,CLP,"44,500",CLP,Butterfly ring
3/22/25,DBS Savings,Transport,taxi,"5,993",0,CLP,"5,993",CLP,
3/23/25,DBS Savings,Leisure,events,18.00,0,USD,"16,700.00",CLP,Dan and Phil Terrible Influence Tour!!!
3/23/25,DBS Savings,Food & Drinks,groceries,"37,170",0,CLP,"37,170",CLP,
3/24/25,DBS Savings,Leisure,music,4.89,0,USD,"4,540.00",CLP,Spotify
3/24/25,DBS Savings,Food & Drinks,coffee & tea,"4,400",0,CLP,"4,400",CLP,
3/25/25,DBS Savings,Leisure,books,"13,600",0,CLP,"13,600",CLP,
3/25/25,DBS Savings,Food & Drinks,coffee & tea,"5,280",0,CLP,"5,280",CLP,
3/25/25,DBS Savings,Transport,travel card,"4,000",0,CLP,"4,000",CLP,
3/26/25,DBS Savings,Food & Drinks,groceries,"2,000",0,CLP,"2,000",CLP,
3/27/25,DBS Savings,Food & Drinks,coffee & tea,"3,960",0,CLP,"3,960",CLP,
3/27/25,DBS Savings,Transport,taxi,"4,297",0,CLP,"4,297",CLP,
3/27/25,DBS Savings,Health & Personal Care,,"80,000",0,CLP,"80,000",CLP,Psychiatrist
3/27/25,DBS Savings,Transport,taxi,"5,905",0,CLP,"5,905",CLP,
3/28/25,DBS Savings,Home & Utilities,gastos comunes,"178,261",0,CLP,"178,261",CLP,
3/28/25,DBS Savings,Clothing & Footwear,accessories,"6,000",0,CLP,"6,000",CLP,Nespresso pod earrings
3/28/25,DBS Savings,Clothing & Footwear,accessories,"7,000",0,CLP,"7,000",CLP,Earring charms
3/28/25,DBS Savings,Clothing & Footwear,clothes,"38,000",0,CLP,"38,000",CLP,Crochet sweater
3/28/25,DBS Savings,Food & Drinks,coffee & tea,"4,890",0,CLP,"4,890",CLP,
3/28/25,DBS Savings,Clothing & Footwear,accessories,"10,000",0,CLP,"10,000",CLP,Earrings
3/29/25,DBS Savings,Clothing & Footwear,clothes,"6,940",0,CLP,"6,940",CLP,Second hand hoodie
3/29/25,DBS Savings,Food & Drinks,restaurants,"27,236",0,CLP,"27,236",CLP,
3/29/25,DBS Savings,Leisure,events,"20,000",0,CLP,"20,000",CLP,Coffee workshop 
3/29/25,DBS Savings,Food & Drinks,coffee & tea,"3,591",0,CLP,"3,591",CLP,
3/29/25,DBS Savings,Transport,travel card,"4,000",0,CLP,"4,000",CLP,
3/29/25,DBS Savings,Transport,taxi,"6,493",0,CLP,"6,493",CLP,
3/30/25,DBS Savings,Food & Drinks,groceries,"37,134",0,CLP,"37,134",CLP,
3/30/25,DBS Savings,Health & Personal Care,gym/exercise,"132,980",0,CLP,"132,980",CLP,Walking pad
3/30/25,DBS Savings,Food & Drinks,restaurants,"11,771",0,CLP,"11,771",CLP,
3/31/25,DBS Savings,Health & Personal Care,manicure/pedicure,"29,150",0,CLP,"29,150",CLP,
3/31/25,DBS Savings,Clothing & Footwear,accessories,"25,740",0,CLP,"25,740",CLP,Amethyst ring
3/31/25,DBS Savings,Home & Utilities,laundry,"30,000",0,CLP,"30,000",CLP,Laundry shoes and quilt
4/1/25,DBS Savings,Health & Personal Care,medical services,"130,000",0,CLP,"130,000",CLP,Therapy
4/1/25,DBS Savings,Food & Drinks,coffee & tea,"10,000",0,CLP,"10,000",CLP,
4/3/25,DBS Savings,Education,books/library,7.00,0,SGD,"4,983.00",CLP,Audible
4/3/25,DBS Savings,Transport,taxi,"3,816",0,CLP,"3,816",CLP,
4/4/25,DBS Savings,Home & Utilities,rent,"887,205",0,CLP,"887,205",CLP,
4/4/25,DBS Savings,Food & Drinks,restaurants,"9,550",0,CLP,"9,550",CLP,
4/4/25,DBS Savings,Leisure,events,"5,000",0,CLP,"5,000",CLP,Stand up
4/4/25,DBS Savings,Food & Drinks,restaurants,"40,656",0,CLP,"40,656",CLP,
4/5/25,DBS Savings,Transport,travel card,"4,000",0,CLP,"4,000",CLP,
4/5/25,DBS Savings,Food & Drinks,coffee & tea,"3,080",0,CLP,"3,080",CLP,
4/5/25,DBS Savings,Food & Drinks,restaurants,"7,280",0,CLP,"7,280",CLP,
4/6/25,DBS Savings,Food & Drinks,restaurants,"15,223",0,CLP,"15,223",CLP,
4/6/25,DBS Savings,Food & Drinks,coffee & tea,"1,780",0,CLP,"1,780",CLP,
4/6/25,DBS Savings,Food & Drinks,restaurants,"13,909",0,CLP,"13,909",CLP,
4/7/25,DBS Savings,Leisure,violin,"70,000",0,CLP,"70,000",CLP,
4/7/25,DBS Savings,Food & Drinks,groceries,"46,790",0,CLP,"46,790",CLP,
4/7/25,DBS Savings,Education,books/library,"70,700",0,CLP,"70,700",CLP,Silent Book Club pendon
4/9/25,DBS Savings,Food & Drinks,coffee & tea,"10,000",0,CLP,"10,000",CLP,
4/9/25,DBS Savings,Food & Drinks,groceries,"3,500",0,CLP,"3,500",CLP,
4/10/25,DBS Savings,Transport,travel card,"4,000",0,CLP,"4,000",CLP,
4/10/25,DBS Savings,Transport,taxi,"8,094",0,CLP,"8,094",CLP,
4/10/25,DBS Savings,Home & Utilities,internet,"26,387",0,CLP,"26,387",CLP,
4/11/25,DBS Savings,Education,,"2,990",0,CLP,"2,990",CLP,Bear Pro 
4/11/25,DBS Savings,Food & Drinks,groceries,"9,857",0,CLP,"9,857",CLP,
4/12/25,DBS Savings,Food & Drinks,restaurants,"25,861",0,CLP,"25,861",CLP,
4/12/25,DBS Savings,Food & Drinks,coffee & tea,"3,500",0,CLP,"3,500",CLP,
4/12/25,DBS Savings,Food & Drinks,coffee & tea,"3,800",0,CLP,"3,800",CLP,
4/13/25,DBS Savings,Health & Personal Care,cosmetics,"51,450",0,CLP,"51,450",CLP,Hair and makeup restock dbs
4/13/25,DBS Savings,Food & Drinks,restaurants,"13,909",0,CLP,"13,909",CLP,
4/13/25,DBS Savings,Health & Personal Care,medicine,"11,155",0,CLP,"11,155",CLP,Lexapro
4/13/25,DBS Savings,Leisure,movies & TV,9.19,0,SGD,"6,861.00",CLP,Netflix
4/14/25,DBS Savings,Food & Drinks,groceries,"56,441",0,CLP,"56,441",CLP,
4/14/25,DBS Savings,Food & Drinks,restaurants,"18,739",0,CLP,"18,739",CLP,
4/15/25,DBS Savings,Transport,travel card,"4,000",0,CLP,"4,000",CLP,
4/15/25,DBS Savings,Transport,taxi,"7,591",0,CLP,"7,591",CLP,
4/15/25,DBS Savings,Food & Drinks,coffee & tea,"10,000",0,CLP,"10,000",CLP,
4/15/25,DBS Savings,Transport,taxi,"3,930",0,CLP,"3,930",CLP,
4/16/25,DBS Savings,Education,books/library,"6,490",0,CLP,"6,490",CLP,Print vision board
4/16/25,DBS Savings,Health & Personal Care,medical services,"267,510",0,CLP,"267,510",CLP,Banmedica
4/16/25,DBS Savings,Health & Personal Care,medical services,"136,259",0,CLP,"136,259",CLP,Invisalign
4/16/25,DBS Savings,Food & Drinks,restaurants,"12,419",0,CLP,"12,419",CLP,
4/17/25,DBS Savings,Transport,taxi,"6,797",0,CLP,"6,797",CLP,
4/17/25,DBS Savings,Food & Drinks,restaurants,"12,730",0,CLP,"12,730",CLP,
4/18/25,DBS Savings,Transport,taxi,"3,436",0,CLP,"3,436",CLP,
4/18/25,DBS Savings,Food & Drinks,restaurants,"9,550",0,CLP,"9,550",CLP,
4/18/25,DBS Savings,Leisure,sightseeing,"8,000",0,CLP,"8,000",CLP,Bird watching
4/18/25,DBS Savings,Food & Drinks,restaurants,"4,200",0,CLP,"4,200",CLP,
4/18/25,DBS Savings,Health & Personal Care,gym/exercise,49.10,0,SGD,"36,248.00",CLP,ClassPass
4/19/25,DBS Savings,Education,books/library,"3,200",0,CLP,"3,200",CLP,Medium
4/20/25,DBS Savings,Health & Personal Care,cosmetics,"33,990",0,CLP,"33,990",CLP,Perfume
4/20/25,DBS Savings,Food & Drinks,restaurants,"14,739",0,CLP,"14,739",CLP,
4/20/25,DBS Savings,Food & Drinks,restaurants,"9,309",0,CLP,"9,309",CLP,
4/20/25,DBS Savings,Food & Drinks,groceries,"39,278",0,CLP,"39,278",CLP,
4/20/25,DBS Savings,Food & Drinks,coffee & tea,"4,959",0,CLP,"4,959",CLP,French press replacement
4/21/25,DBS Savings,Leisure,events,"7,000",0,CLP,"7,000",CLP,The First Round
4/21/25,DBS Savings,Food & Drinks,coffee & tea,"12,900",0,CLP,"12,900",CLP,
4/21/25,DBS Savings,Education,,790,0,CLP,790,CLP,iCloud
4/22/25,DBS Savings,Home & Utilities,gastos comunes,"178,270",0,CLP,"178,270",CLP,
4/23/25,DBS Savings,Transport,taxi,"5,296",0,CLP,"5,296",CLP,
4/23/25,DBS Savings,Health & Personal Care,medical services,"15,707",0,CLP,"15,707",CLP,Ophthalmologist 
4/23/25,DBS Savings,Food & Drinks,restaurants,"9,889",0,CLP,"9,889",CLP,
4/24/25,DBS Savings,Transport,travel card,"4,000",0,CLP,"4,000",CLP,
4/24/25,DBS Savings,Food & Drinks,restaurants,"7,780",0,CLP,"7,780",CLP,
4/25/25,DBS Savings,Food & Drinks,coffee & tea,"10,000",0,CLP,"10,000",CLP,
4/25/25,DBS Savings,Education,AI,17.84,0,USD,"16,680.00",CLP,Lookaway Mac 
4/25/25,DBS Savings,Food & Drinks,restaurants,"14,000",0,CLP,"14,000",CLP,
4/25/25,DBS Savings,Health & Personal Care,hair,"70,000",0,CLP,"70,000",CLP,
4/25/25,DBS Savings,Food & Drinks,groceries,"17,000",0,CLP,"17,000",CLP,
4/25/25,DBS Savings,Leisure,books,"24,990",0,CLP,"24,990",CLP,
4/26/25,DBS Savings,Health & Personal Care,cosmetics,"34,384",0,CLP,"34,384",CLP,Natura skincare
4/26/25,DBS Savings,Food & Drinks,restaurants,"9,839",0,CLP,"9,839",CLP,
4/27/25,DBS Savings,Food & Drinks,restaurants,"11,876",0,CLP,"11,876",CLP,
4/27/25,DBS Savings,Food & Drinks,groceries,"12,082",0,CLP,"12,082",CLP,
4/28/25,DBS Savings,Health & Personal Care,medical services,"95,500",0,CLP,"95,500",CLP,Contact lenses
4/28/25,DBS Savings,Transport,travel card,"4,000",0,CLP,"4,000",CLP,
4/29/25,DBS Savings,Food & Drinks,restaurants,"13,909",0,CLP,"13,909",CLP,
4/29/25,DBS Savings,Transport,travel card,"4,000",0,CLP,"4,000",CLP,
4/29/25,DBS Savings,Food & Drinks,coffee & tea,"1,065",0,CLP,"1,065",CLP,
5/1/25,DBS Savings,Home & Utilities,laundry,"12,292",0,CLP,"12,292",CLP,Cat hair remover for laundry
5/1/25,DBS Savings,Food & Drinks,restaurants,"16,169",0,CLP,"16,169",CLP,
5/1/25,DBS Savings,Food & Drinks,coffee & tea,"9,000",0,CLP,"9,000",CLP,
5/2/25,DBS Savings,Health & Personal Care,gym/exercise,"178,000",0,CLP,"178,000",CLP,VFIT
5/2/25,DBS Savings,Food & Drinks,restaurants,"9,532",0,CLP,"9,532",CLP,
5/2/25,DBS Savings,Food & Drinks,groceries,"58,815",0,CLP,"58,815",CLP,
5/3/25,DBS Savings,Home & Utilities,internet,"26,387",0,CLP,"26,387",CLP,
5/3/25,DBS Savings,Home & Utilities,rent,"887,205",0,CLP,"887,205",CLP,
5/3/25,DBS Savings,Food & Drinks,coffee & tea,"10,000",0,CLP,"10,000",CLP,
5/3/25,DBS Savings,Food & Drinks,restaurants,"89,980",0,CLP,"89,980",CLP,
5/3/25,DBS Savings,Food & Drinks,restaurants,"8,080",0,CLP,"8,080",CLP,
5/4/25,DBS Savings,Food & Drinks,restaurants,"9,581",0,CLP,"9,581",CLP,
5/5/25,DBS Savings,Education,,"72,900",0,CLP,"72,900",CLP,Imprint annual
5/5/25,DBS Savings,Food & Drinks,groceries,"20,990",0,CLP,"20,990",CLP,Almuerzos Listos
5/5/25,DBS Savings,Food & Drinks,groceries,"14,981",0,CLP,"14,981",CLP,
5/6/25,DBS Savings,Education,AI,23.80,0,USD,"22,356.00",CLP,ChatGPT
5/6/25,DBS Savings,Health & Personal Care,cosmetics,"34,364",0,CLP,"34,364",CLP,3INA concealers
5/7/25,DBS Savings,Transport,travel card,"4,000",0,CLP,"4,000",CLP,
5/7/25,DBS Savings,Food & Drinks,coffee & tea,"10,000",0,CLP,"10,000",CLP,
5/7/25,DBS Savings,Clothing & Footwear,accessories,"27,230",0,CLP,"27,230",CLP,Satin stuff curly cosas
5/8/25,DBS Savings,Transport,taxi,"16,092",0,CLP,"16,092",CLP,
5/8/25,DBS Savings,Transport,taxi,"10,298",0,CLP,"10,298",CLP,
5/9/25,DBS Savings,Transport,taxi,"3,598",0,CLP,"3,598",CLP,
5/9/25,DBS Savings,Transport,taxi,"7,696",0,CLP,"7,696",CLP,
5/9/25,DBS Savings,Food & Drinks,restaurants,"38,676",0,CLP,"38,676",CLP,
5/10/25,DBS Savings,Food & Drinks,restaurants,"14,629",0,CLP,"14,629",CLP,
5/10/25,DBS Savings,Education,AI,600.00,0,USD,"560,214.00",CLP,Outskill AI Fellowship
5/11/25,DBS Savings,Food & Drinks,restaurants,"12,172",0,CLP,"12,172",CLP,
5/11/25,DBS Savings,Home & Utilities,utilities,"15,616",0,CLP,"15,616",CLP,Enel
5/12/25,DBS Savings,Transport,travel card,"4,000",0,CLP,"4,000",CLP,
5/12/25,DBS Savings,Food & Drinks,groceries,"20,990",0,CLP,"20,990",CLP,Almuerzos Listos
5/12/25,DBS Savings,Education,,"117,424",0,CLP,"117,424",CLP,Silent Book Club lawyer payment
5/13/25,DBS Savings,Food & Drinks,coffee & tea,"5,100",0,CLP,"5,100",CLP,
5/13/25,DBS Savings,Health & Personal Care,medicine,"11,491",0,CLP,"11,491",CLP,Lexapro
5/13/25,DBS Savings,Food & Drinks,restaurants,"16,620",0,CLP,"16,620",CLP,
5/13/25,DBS Savings,Health & Personal Care,medical services,"267,790",0,CLP,"267,790",CLP,Banmedica March
5/14/25,DBS Savings,Education,books/library,"39,000",0,CLP,"39,000",CLP,Silent Book Club Accountant
5/14/25,DBS Savings,Transport,travel card,"4,000",0,CLP,"4,000",CLP,
5/14/25,DBS Savings,Education,AI,"2,990",0,CLP,"2,990",CLP,Bear Pro 
5/14/25,DBS Savings,Food & Drinks,coffee & tea,"10,000",0,CLP,"10,000",CLP,
5/14/25,DBS Savings,Food & Drinks,restaurants,"10,000",0,CLP,"10,000",CLP,
5/14/25,DBS Savings,Home & Utilities,phone accessories,"16,990",0,CLP,"16,990",CLP,Phone screen protector
5/14/25,DBS Savings,Home & Utilities,phone accessories,"13,381",0,CLP,"13,381",CLP,Peyu phone case
5/14/25,DBS Savings,Education,books/library,"14,990",0,CLP,"14,990",CLP,Silent Book Club Firma Virtual
5/15/25,DBS Savings,Education,AI,5.95,0,USD,"5,587.00",CLP,ChatGPT API Key
5/15/25,DBS Savings,Food & Drinks,alcohol,"15,950",0,CLP,"15,950",CLP,
5/15/25,DBS Savings,Food & Drinks,restaurants,"68,200",0,CLP,"68,200",CLP,
5/16/25,DBS Savings,Health & Personal Care,medical services,"136,259",0,CLP,"136,259",CLP,Invisalign
5/16/25,DBS Savings,Leisure,movies & TV,"2,490",0,CLP,"2,490",CLP,Apple TV rental Victoria & Abdul
5/16/25,DBS Savings,Health & Personal Care,medical services,"13,566",0,CLP,"13,566",CLP,Dental
5/16/25,DBS Savings,Food & Drinks,restaurants,"7,152",0,CLP,"7,152",CLP,
5/16/25,DBS Savings,Transport,taxi,"7,311",0,CLP,"7,311",CLP,
5/17/25,DBS Savings,Health & Personal Care,cosmetics,"17,980",0,CLP,"17,980",CLP,Cute bunny
5/17/25,DBS Savings,Food & Drinks,coffee & tea,"16,000",0,CLP,"16,000",CLP,
5/17/25,DBS Savings,Food & Drinks,restaurants,"19,030",0,CLP,"19,030",CLP,
5/18/25,DBS Savings,Clothing & Footwear,underwear,"17,000",0,CLP,"17,000",CLP,Nubody underwear
5/18/25,DBS Savings,Transport,taxi,"6,798",0,CLP,"6,798",CLP,
5/18/25,DBS Savings,Food & Drinks,groceries,"28,918",0,CLP,"28,918",CLP,
5/18/25,DBS Savings,Health & Personal Care,gym/exercise,"21,000",0,CLP,"21,000",CLP,Kitty yoga
5/18/25,DBS Savings,Transport,taxi,"4,157",0,CLP,"4,157",CLP,
5/18/25,DBS Savings,Food & Drinks,restaurants,"12,469",0,CLP,"12,469",CLP,
5/18/25,DBS Savings,Transport,travel card,"4,000",0,CLP,"4,000",CLP,
5/19/25,DBS Savings,Food & Drinks,groceries,"3,500",0,CLP,"3,500",CLP,
5/19/25,DBS Savings,Food & Drinks,groceries,"20,990",0,CLP,"20,990",CLP,
5/19/25,DBS Savings,Home & Utilities,gastos comunes,"186,717",0,CLP,"186,717",CLP,
5/19/25,DBS Savings,Home & Utilities,cat,"49,680",0,CLP,"49,680",CLP,Leyla food
5/19/25,DBS Savings,Transport,taxi,"8,449",0,CLP,"8,449",CLP,
5/19/25,DBS Savings,Transport,taxi,"3,400",0,CLP,"3,400",CLP,
5/20/25,DBS Savings,Food & Drinks,alcohol,"20,000",0,CLP,"20,000",CLP,
5/20/25,DBS Savings,Transport,taxi,"8,465",0,CLP,"8,465",CLP,
5/20/25,DBS Savings,Food & Drinks,coffee & tea,"10,000",0,CLP,"10,000",CLP,
5/20/25,DBS Savings,Food & Drinks,alcohol,"35,000",0,CLP,"35,000",CLP,
5/21/25,DBS Savings,Education,AI,790,0,CLP,790,CLP,iCloud
5/21/25,DBS Savings,Transport,taxi,"2,075",0,CLP,"2,075",CLP,
5/21/25,DBS Savings,Food & Drinks,coffee & tea,"5,500",0,CLP,"5,500",CLP,
5/21/25,DBS Savings,Food & Drinks,restaurants,"11,328",0,CLP,"11,328",CLP,
5/22/25,DBS Savings,Food & Drinks,coffee & tea,"4,730",0,CLP,"4,730",CLP,
5/22/25,DBS Savings,Leisure,music,4.82,0,USD,"4,545.00",CLP,Spotify
5/23/25,DBS Savings,Health & Personal Care,cosmetics,"30,000",0,CLP,"30,000",CLP,Limpieza facial
5/23/25,DBS Savings,Transport,travel card,"4,000",0,CLP,"4,000",CLP,
5/24/25,DBS Savings,Food & Drinks,coffee & tea,"11,650",0,CLP,"11,650",CLP,
5/24/25,DBS Savings,Food & Drinks,restaurants,"12,989",0,CLP,"12,989",CLP,
5/24/25,DBS Savings,Health & Personal Care,manicure/pedicure,"29,150",0,CLP,"29,150",CLP,
5/25/25,DBS Savings,Food & Drinks,groceries,"21,982",0,CLP,"21,982",CLP,
5/26/25,DBS Savings,Transport,taxi,"4,767",0,CLP,"4,767",CLP,
5/26/25,DBS Savings,Food & Drinks,groceries,"3,990",0,CLP,"3,990",CLP,
5/26/25,DBS Savings,Transport,taxi,"7,683",0,CLP,"7,683",CLP,
5/26/25,DBS Savings,Food & Drinks,groceries,"46,094",0,CLP,"46,094",CLP,
5/27/25,DBS Savings,Health & Personal Care,medicine,"9,099",0,CLP,"9,099",CLP,Contact lens solution
5/27/25,DBS Savings,Education,books/library,"1,200",0,CLP,"1,200",CLP,Emergency bag print
5/28/25,DBS Savings,Food & Drinks,coffee & tea,"10,000",0,CLP,"10,000",CLP,
5/28/25,DBS Savings,Food & Drinks,restaurants,"12,469",0,CLP,"12,469",CLP,
5/28/25,DBS Savings,Leisure,events,"20,700",0,CLP,"20,700",CLP,Club30
5/29/25,DBS Savings,Food & Drinks,restaurants,"7,518",0,CLP,"7,518",CLP,
5/29/25,DBS Savings,Education,AI,"2,100.00",0,USD,"1,971,753.00",CLP,Outskill
5/30/25,DBS Savings,Transport,taxi,"7,030",0,CLP,"7,030",CLP,
5/30/25,DBS Savings,Food & Drinks,restaurants,"9,928",0,CLP,"9,928",CLP,
5/30/25,DBS Savings,Transport,travel card,"4,000",0,CLP,"4,000",CLP,
5/31/25,DBS Savings,Food & Drinks,alcohol,"30,880",0,CLP,"30,880",CLP,
5/31/25,DBS Savings,Clothing & Footwear,clothes,"33,000",0,CLP,"33,000",CLP,Closet Sale 
5/31/25,DBS Savings,Home & Utilities,home improvement,"32,380",0,CLP,"32,380",CLP,Mouvair air filter replacement
5/31/25,DBS Savings,Leisure,"art, events","30,000",0,CLP,"30,000",CLP,Pincel y copas
6/1/25,DBS Savings,Home & Utilities,laundry,"32,000",0,CLP,"32,000",CLP,Mr Laundry for second hand clothes
6/1/25,DBS Savings,Home & Utilities,home improvement,"9,580",0,CLP,"9,580",CLP,The Pink Stuff cleaner
6/1/25,DBS Savings,Food & Drinks,coffee & tea,"10,000",0,CLP,"10,000",CLP,
6/1/25,DBS Savings,Home & Utilities,home improvement,"25,880",0,CLP,"25,880",CLP,Cloth hanging rack
6/1/25,DBS Savings,Food & Drinks,groceries,"61,819",0,CLP,"61,819",CLP,
6/1/25,DBS Savings,Food & Drinks,groceries,"40,548",0,CLP,"40,548",CLP,
6/2/25,DBS Savings,Health & Personal Care,gym/exercise,"158,000",0,CLP,"158,000",CLP,VFIT gym membership
6/2/25,DBS Savings,Home & Utilities,internet,"26,387",0,CLP,"26,387",CLP,
6/2/25,DBS Savings,Home & Utilities,rent,"887,205",0,CLP,"887,205",CLP,
6/2/25,DBS Savings,Food & Drinks,coffee & tea,"12,600",0,CLP,"12,600",CLP,Circular coffee beans
6/3/25,DBS Savings,Home & Utilities,home improvement,"35,990",0,CLP,"35,990",CLP,New mop
6/3/25,DBS Savings,Food & Drinks,coffee & tea,"15,000",0,CLP,"15,000",CLP,
6/3/25,DBS Savings,Food & Drinks,groceries,"3,500",0,CLP,"3,500",CLP,
6/3/25,DBS Savings,Home & Utilities,home improvement,"26,140",0,CLP,"26,140",CLP,Freemet cleaning supplies restock
6/4/25,DBS Savings,Leisure,books,2.17,0,USD,"2,036.00",CLP,Project Hail Mary ebook
6/4/25,DBS Savings,Food & Drinks,restaurants,"11,453",0,CLP,"11,453",CLP,
6/5/25,DBS Savings,Food & Drinks,restaurants,"20,130",0,CLP,"20,130",CLP,
6/6/25,DBS Savings,Food & Drinks,coffee & tea,"3,080",0,CLP,"3,080",CLP,
6/6/25,DBS Savings,Education,AI,"9,900",0,CLP,"9,900",CLP,Structured Pro Annual
6/7/25,DBS Savings,Transport,taxi,"8,936",0,CLP,"8,936",CLP,
6/7/25,DBS Savings,Food & Drinks,restaurants,"40,040",0,CLP,"40,040",CLP,
6/7/25,DBS Savings,Transport,taxi,"6,638",0,CLP,"6,638",CLP,
6/8/25,DBS Savings,Food & Drinks,groceries,"18,724",0,CLP,"18,724",CLP,
6/8/25,DBS Savings,Food & Drinks,restaurants,"11,169",0,CLP,"11,169",CLP,
6/10/25,DBS Savings,Food & Drinks,restaurants,"7,300",0,CLP,"7,300",CLP,
6/10/25,DBS Savings,Transport,travel card,"4,000",0,CLP,"4,000",CLP,
6/11/25,DBS Savings,Transport,travel card,"4,000",0,CLP,"4,000",CLP,
6/11/25,DBS Savings,Health & Personal Care,cosmetics,"39,043",0,CLP,"39,043",CLP,Natura creams 
6/11/25,DBS Savings,Food & Drinks,coffee & tea,"10,000",0,CLP,"10,000",CLP,
6/12/25,DBS Savings,Food & Drinks,restaurants,"12,469",0,CLP,"12,469",CLP,
6/12/25,DBS Savings,Leisure,movies & TV,10.17,0,SGD,"7,398.00",CLP,
6/13/25,DBS Savings,Food & Drinks,groceries,"32,189",0,CLP,"32,189",CLP,
6/13/25,DBS Savings,Transport,taxi,"3,450",0,CLP,"3,450",CLP,
6/13/25,DBS Savings,Education,books/library,"78,440",0,CLP,"78,440",CLP,Silent Book Club lawyer payment
6/13/25,DBS Savings,Food & Drinks,groceries,"17,000",0,CLP,"17,000",CLP,
6/13/25,DBS Savings,Health & Personal Care,medical services,"136,259",0,CLP,"136,259",CLP,Invisalign payment
6/14/25,DBS Savings,Leisure,events,"30,000",0,CLP,"30,000",CLP,Pincel y Copas
6/14/25,DBS Savings,Education,AI,"2,990",0,CLP,"2,990",CLP,Bear Pro
6/14/25,DBS Savings,Home & Utilities,utilities,"14,767",0,CLP,"14,767",CLP,Enel 
6/15/25,DBS Savings,Food & Drinks,restaurants,"12,487",0,CLP,"12,487",CLP,
6/16/25,DBS Savings,Food & Drinks,coffee & tea,"10,000",0,CLP,"10,000",CLP,
6/16/25,DBS Savings,Food & Drinks,restaurants,"15,589",0,CLP,"15,589",CLP,
6/17/25,DBS Savings,Leisure,events,"22,600",0,CLP,"22,600",CLP,Comedy night
6/17/25,DBS Savings,Food & Drinks,coffee & tea,"2,290",0,CLP,"2,290",CLP,
6/17/25,DBS Savings,Food & Drinks,groceries,"30,772",0,CLP,"30,772",CLP,
6/17/25,DBS Savings,Food & Drinks,restaurants,"7,817",0,CLP,"7,817",CLP,
6/17/25,DBS Savings,Food & Drinks,restaurants,"37,051",0,CLP,"37,051",CLP,
6/17/25,DBS Savings,Transport,taxi,"5,595",0,CLP,"5,595",CLP,
6/18/25,DBS Savings,Food & Drinks,restaurants,"7,537",0,CLP,"7,537",CLP,
6/18/25,DBS Savings,Food & Drinks,restaurants,"12,469",0,CLP,"12,469",CLP,
6/18/25,DBS Savings,Food & Drinks,coffee & tea,"10,000",0,CLP,"10,000",CLP,
6/19/25,DBS Savings,Transport,travel card,"4,000",0,CLP,"4,000",CLP,
6/19/25,DBS Savings,Food & Drinks,restaurants,"9,390",0,CLP,"9,390",CLP,
6/19/25,DBS Savings,Food & Drinks,restaurants,"13,295",0,CLP,"13,295",CLP,
6/19/25,DBS Savings,Home & Utilities,gastos comunes,"149,251",0,CLP,"149,251",CLP,
6/20/25,DBS Savings,Food & Drinks,coffee & tea,"10,000",0,CLP,"10,000",CLP,
6/20/25,DBS Savings,Food & Drinks,alcohol,"24,750",0,CLP,"24,750",CLP,
6/20/25,DBS Savings,Food & Drinks,restaurants,"9,467",0,CLP,"9,467",CLP,
6/21/25,DBS Savings,Transport,taxi,"3,396",0,CLP,"3,396",CLP,
6/21/25,DBS Savings,Education,AI,790,0,CLP,790,CLP,iCloud
6/22/25,DBS Savings,Food & Drinks,coffee & tea,"5,500",0,CLP,"5,500",CLP,
6/22/25,DBS Savings,Food & Drinks,restaurants,"13,105",0,CLP,"13,105",CLP,
6/22/25,DBS Savings,Transport,taxi,"6,428",0,CLP,"6,428",CLP,
6/22/25,DBS Savings,Leisure,music,4.84,0,USD,"4,555.00",CLP,
6/23/25,DBS Savings,Food & Drinks,restaurants,"12,469",0,CLP,"12,469",CLP,
6/24/25,DBS Savings,Transport,taxi,"4,395",0,CLP,"4,395",CLP,
6/24/25,DBS Savings,Transport,travel card,"4,000",0,CLP,"4,000",CLP,
6/24/25,DBS Savings,Food & Drinks,restaurants,"7,817",0,CLP,"7,817",CLP,
6/25/25,DBS Savings,Food & Drinks,coffee & tea,"10,000",0,CLP,"10,000",CLP,
6/25/25,DBS Savings,Food & Drinks,restaurants,"12,256",0,CLP,"12,256",CLP,
6/25/25,DBS Savings,Health & Personal Care,hair,"31,000",0,CLP,"31,000",CLP,Hair Brushing
6/26/25,DBS Savings,Food & Drinks,restaurants,"9,390",0,CLP,"9,390",CLP,
6/26/25,DBS Savings,Food & Drinks,groceries,"23,106",0,CLP,"23,106",CLP,
6/26/25,DBS Savings,Food & Drinks,coffee & tea,"4,500",0,CLP,"4,500",CLP,
6/27/25,DBS Savings,Food & Drinks,coffee & tea,"12,100",0,CLP,"12,100",CLP,
6/28/25,DBS Savings,Food & Drinks,restaurants,"14,329",0,CLP,"14,329",CLP,
6/29/25,DBS Savings,Food & Drinks,coffee & tea,"13,860",0,CLP,"13,860",CLP,
6/29/25,DBS Savings,Food & Drinks,restaurants,"22,219",0,CLP,"22,219",CLP,
6/29/25,DBS Savings,Food & Drinks,coffee & tea,"13,420",0,CLP,"13,420",CLP,
6/30/25,DBS Savings,Food & Drinks,restaurants,"16,573",0,CLP,"16,573",CLP,
7/1/25,DBS Savings,Food & Drinks,coffee & tea,"43,200",0,CLP,"43,200",CLP,
7/2/25,DBS Savings,Food & Drinks,coffee & tea,"10,000",0,CLP,"10,000",CLP,
7/2/25,DBS Savings,Health & Personal Care,gym/exercise,"158,000",0,CLP,"158,000",CLP,VFIT gym
7/2/25,DBS Savings,Food & Drinks,restaurants,"7,817",0,CLP,"7,817",CLP,
7/3/25,DBS Savings,Transport,taxi,"3,399",0,CLP,"3,399",CLP,
7/3/25,DBS Savings,Food & Drinks,restaurants,"9,390",0,CLP,"9,390",CLP,
7/3/25,DBS Savings,Food & Drinks,restaurants,"11,719",0,CLP,"11,719",CLP,
7/3/25,DBS Savings,Transport,travel card,"10,000",0,CLP,"10,000",CLP,
7/4/25,DBS Savings,Food & Drinks,restaurants,"17,710",0,CLP,"17,710",CLP,
7/4/25,DBS Savings,Leisure,books,2.17,0,USD,"2,018.00",CLP,Kindle ebook
7/4/25,DBS Savings,Health & Personal Care,manicure/pedicure,"32,340",0,CLP,"32,340",CLP,
7/4/25,DBS Savings,Transport,taxi,"7,381",0,CLP,"7,381",CLP,
7/4/25,DBS Savings,Home & Utilities,utilities,"16,477",0,CLP,"16,477",CLP,
7/4/25,DBS Savings,Home & Utilities,rent,"887,205",0,CLP,"887,205",CLP,
7/5/25,DBS Savings,Food & Drinks,restaurants,"14,329",0,CLP,"14,329",CLP,
7/5/25,DBS Savings,Food & Drinks,restaurants,"7,817",0,CLP,"7,817",CLP,
7/6/25,DBS Savings,Food & Drinks,restaurants,"22,544",0,CLP,"22,544",CLP,
7/6/25,DBS Savings,Health & Personal Care,medicine,"11,491",0,CLP,"11,491",CLP,Lexapro
7/6/25,DBS Savings,Education,AI,5.00,0,USD,"4,649.00",CLP,Medium
7/6/25,DBS Savings,Food & Drinks,coffee & tea,"10,000",0,CLP,"10,000",CLP,
7/7/25,DBS Savings,Food & Drinks,restaurants,"9,467",0,CLP,"9,467",CLP,
7/8/25,DBS Savings,Food & Drinks,restaurants,"6,900",0,CLP,"6,900",CLP,
7/9/25,DBS Savings,Food & Drinks,restaurants,"7,817",0,CLP,"7,817",CLP,
7/9/25,DBS Savings,Leisure,events,"8,000",0,CLP,"8,000",CLP,Pool de Lelas
7/9/25,DBS Savings,Education,AI,23.80,0,USD,"22,597.00",CLP,ChatGPT
7/9/25,DBS Savings,Food & Drinks,restaurants,"32,505",0,CLP,"32,505",CLP,
7/10/25,DBS Savings,Transport,taxi,"6,398",0,CLP,"6,398",CLP,
7/10/25,DBS Savings,Transport,travel,"14,700",0,CLP,"14,700",CLP,Turbus to Viña
7/10/25,DBS Savings,Home & Utilities,internet,"26,387",0,CLP,"26,387",CLP,
7/10/25,DBS Savings,Food & Drinks,restaurants,"15,164",0,CLP,"15,164",CLP,
7/11/25,DBS Savings,Education,AI,"2,990",0,CLP,"2,990",CLP,Bear Pro
7/11/25,DBS Savings,Transport,taxi,"12,054",0,CLP,"12,054",CLP,
7/11/25,DBS Savings,Food & Drinks,restaurants,"29,100",0,CLP,"29,100",CLP,Good Nick 
7/11/25,DBS Savings,Transport,travel,"7,050",0,CLP,"7,050",CLP,
7/12/25,DBS Savings,Food & Drinks,groceries,"63,725",0,CLP,"63,725",CLP,
7/13/25,DBS Savings,Health & Personal Care,medical services,"163,942",0,CLP,"163,942",CLP,Contact lenses
7/13/25,DBS Savings,Food & Drinks,restaurants,"14,329",0,CLP,"14,329",CLP,
7/13/25,DBS Savings,Food & Drinks,coffee & tea,"10,000",0,CLP,"10,000",CLP,
7/13/25,DBS Savings,Home & Utilities,cat,"62,568",0,CLP,"62,568",CLP,Leyla litter
7/14/25,DBS Savings,Home & Utilities,gastos comunes,"224,711",0,CLP,"224,711",CLP,
7/15/25,DBS Savings,Food & Drinks,restaurants,"11,709",0,CLP,"11,709",CLP,
7/15/25,DBS Savings,Health & Personal Care,medical services,"136,259",0,CLP,"136,259",CLP,Invisalign
7/15/25,DBS Savings,Transport,taxi,"2,514",0,CLP,"2,514",CLP,
7/15/25,DBS Savings,Food & Drinks,coffee & tea,"5,030",0,CLP,"5,030",CLP,
7/17/25,DBS Savings,Food & Drinks,restaurants,"20,269",0,CLP,"20,269",CLP,
7/17/25,DBS Savings,Food & Drinks,coffee & tea,"13,900",0,CLP,"13,900",CLP,
7/17/25,DBS Savings,Transport,travel card,"10,000",0,CLP,"10,000",CLP,
7/17/25,DBS Savings,Transport,taxi,"7,493",0,CLP,"7,493",CLP,
7/17/25,DBS Savings,Food & Drinks,restaurants,"7,817",0,CLP,"7,817",CLP,
7/18/25,DBS Savings,Transport,taxi,"5,971",0,CLP,"5,971",CLP,
7/18/25,DBS Savings,Transport,taxi,"3,690",0,CLP,"3,690",CLP,
7/18/25,DBS Savings,Food & Drinks,restaurants,"49,170",0,CLP,"49,170",CLP,
7/18/25,DBS Savings,Food & Drinks,alcohol,"12,199",0,CLP,"12,199",CLP,
7/19/25,DBS Savings,Transport,taxi,"5,395",0,CLP,"5,395",CLP,
7/19/25,DBS Savings,Food & Drinks,restaurants,"14,329",0,CLP,"14,329",CLP,
7/20/25,DBS Savings,Food & Drinks,alcohol,"4,000",0,CLP,"4,000",CLP,
7/20/25,DBS Savings,Food & Drinks,restaurants,"7,817",0,CLP,"7,817",CLP,
7/20/25,DBS Savings,Food & Drinks,coffee & tea,"7,800",0,CLP,"7,800",CLP,
7/20/25,DBS Savings,Transport,taxi,"6,096",0,CLP,"6,096",CLP,
7/21/25,DBS Savings,Education,AI,990,0,CLP,990,CLP,iCloud
7/21/25,DBS Savings,Food & Drinks,groceries,"32,405",0,CLP,"32,405",CLP,
7/21/25,DBS Savings,Food & Drinks,coffee & tea,"10,000",0,CLP,"10,000",CLP,
7/22/25,DBS Savings,Education,books/library,"11,350",0,CLP,"11,350",CLP,Stationery
7/23/25,DBS Savings,Transport,taxi,"5,443",0,CLP,"5,443",CLP,
7/23/25,DBS Savings,Food & Drinks,coffee & tea,"10,000",0,CLP,"10,000",CLP,
7/23/25,DBS Savings,Health & Personal Care,medical services,"2,048",0,CLP,"2,048",CLP,Gyno tests
7/23/25,DBS Savings,Health & Personal Care,medical services,"6,893",0,CLP,"6,893",CLP,Gyno
7/23/25,DBS Savings,Transport,taxi,"6,457",0,CLP,"6,457",CLP,
7/23/25,DBS Savings,Food & Drinks,groceries,"9,180",0,CLP,"9,180",CLP,Vitamin D supplements
7/25/25,DBS Savings,Leisure,games,"3,635",0,CLP,"3,635",CLP,
7/25/25,DBS Savings,Leisure,events,"3,000",0,CLP,"3,000",CLP,
7/26/25,DBS Savings,Food & Drinks,coffee & tea,"4,180",0,CLP,"4,180",CLP,
7/26/25,DBS Savings,Food & Drinks,restaurants,"45,540",0,CLP,"45,540",CLP,
7/27/25,DBS Savings,Food & Drinks,restaurants,"14,584",0,CLP,"14,584",CLP,
7/27/25,DBS Savings,Food & Drinks,groceries,"37,675",0,CLP,"37,675",CLP,
7/28/25,DBS Savings,Food & Drinks,groceries,"12,990",0,CLP,"12,990",CLP,
7/28/25,DBS Savings,Food & Drinks,coffee & tea,"10,000",0,CLP,"10,000",CLP,
7/29/25,DBS Savings,Food & Drinks,restaurants,"28,105",0,CLP,"28,105",CLP,
7/29/25,DBS Savings,Food & Drinks,coffee & tea,"10,560",0,CLP,"10,560",CLP,
7/30/25,DBS Savings,Health & Personal Care,gym/exercise,"24,990",0,CLP,"24,990",CLP,Classpass 
7/30/25,DBS Savings,Food & Drinks,restaurants,"7,817",0,CLP,"7,817",CLP,
7/31/25,DBS Savings,Transport,taxi,"11,447",0,CLP,"11,447",CLP,
7/31/25,DBS Savings,Food & Drinks,alcohol,"4,000",0,CLP,"4,000",CLP,
7/31/25,DBS Savings,Food & Drinks,restaurants,"10,539",0,CLP,"10,539",CLP,
7/31/25,DBS Savings,Transport,taxi,"5,791",0,CLP,"5,791",CLP,
8/1/25,DBS Savings,Food & Drinks,groceries,"56,889",0,CLP,"56,889",CLP,
8/1/25,DBS Savings,Food & Drinks,restaurants,"12,189",0,CLP,"12,189",CLP,Uber Eats
8/1/25,DBS Savings,Food & Drinks,restaurants,"7,600",0,CLP,"7,600",CLP,Cancelled order
8/1/25,DBS Savings,Health & Personal Care,gym/exercise,"100,000",0,CLP,"100,000",CLP,VFIT gym
8/2/25,DBS Savings,Food & Drinks,groceries,"41,375",0,CLP,"41,375",CLP,
8/2/25,DBS Savings,Education,,"28,990",0,CLP,"28,990",CLP,Annual planner jefa from Lluna Papelería
8/2/25,DBS Savings,Food & Drinks,coffee & tea,"4,829",0,CLP,"4,829",CLP,Coffee
8/3/25,DBS Savings,Health & Personal Care,medicine,"11,491",0,CLP,"11,491",CLP,Lexapro
8/4/25,DBS Savings,Transport,travel card,"10,000",0,CLP,"10,000",CLP,
8/4/25,DBS Savings,Food & Drinks,coffee & tea,"5,500",0,CLP,"5,500",CLP,Brekkie coffee
8/4/25,DBS Savings,Home & Utilities,rent,"904,507",0,CLP,"904,507",CLP,
8/4/25,DBS Savings,Health & Personal Care,cosmetics,"31,970",0,CLP,"31,970",CLP,Skincare restock
8/4/25,DBS Savings,Food & Drinks,restaurants,"10,781",0,CLP,"10,781",CLP,Uber Eats
8/5/25,DBS Savings,Home & Utilities,internet,"26,967",0,CLP,"26,967",CLP,
8/5/25,DBS Savings,Food & Drinks,coffee & tea,"10,000",0,CLP,"10,000",CLP,Starbucks
8/5/25,DBS Savings,Food & Drinks,restaurants,"7,817",0,CLP,"7,817",CLP,Uber Eats
8/6/25,DBS Savings,Health & Personal Care,gym/exercise,"18,000",0,CLP,"18,000",CLP,Pilates class
8/6/25,DBS Savings,Food & Drinks,restaurants,"12,189",0,CLP,"12,189",CLP,
8/7/25,DBS Savings,Food & Drinks,coffee & tea,"5,500",0,CLP,"5,500",CLP,Café Magnolia
8/7/25,DBS Savings,Home & Utilities,phone accessories,"15,980",0,CLP,"15,980",CLP,iPad case replacement
8/7/25,DBS Savings,Home & Utilities,utilities,"20,884",0,CLP,"20,884",CLP,
8/8/25,DBS Savings,Food & Drinks,coffee & tea,"5,390",0,CLP,"5,390",CLP,Elephant Coffee Flat White
8/8/25,DBS Savings,Health & Personal Care,cosmetics,"8,929",0,CLP,"8,929",CLP,Veet wax strips
8/8/25,DBS Savings,Food & Drinks,restaurants,"17,073",0,CLP,"17,073",CLP,Uber Eats
8/8/25,DBS Savings,Food & Drinks,restaurants,"7,255",0,CLP,"7,255",CLP,Uber Eats
8/9/25,DBS Savings,Food & Drinks,coffee & tea,"10,000",0,CLP,"10,000",CLP,
8/9/25,DBS Savings,Transport,taxi,"7,960",0,CLP,"7,960",CLP,
8/9/25,DBS Savings,Food & Drinks,coffee & tea,"14,360",0,CLP,"14,360",CLP,
8/9/25,DBS Savings,Education,AI,5.00,0,USD,"4,831.00",CLP,Medium
8/9/25,DBS Savings,Education,AI,23.80,0,USD,"22,996.00",CLP,ChatGPT
8/10/25,DBS Savings,Clothing & Footwear,shoes,"22,000",0,CLP,"22,000",CLP,Second hand shoes 
8/10/25,DBS Savings,Food & Drinks,groceries,"29,901",0,CLP,"29,901",CLP,
8/10/25,DBS Savings,Food & Drinks,coffee & tea,"6,160",0,CLP,"6,160",CLP,
8/11/25,DBS Savings,Clothing & Footwear,clothes,"12,500",0,CLP,"12,500",CLP,Clothes alteration
8/11/25,DBS Savings,Clothing & Footwear,clothes,"10,980",0,CLP,"10,980",CLP,Second hand sweater from nostalgic - from my buying list
8/11/25,DBS Savings,Clothing & Footwear,clothes,"49,900",0,CLP,"49,900",CLP,Maroa - new corduroy pants
8/12/25,DBS Savings,Education,AI,"2,990",0,CLP,"2,990",CLP,Bear Pro
8/13/25,DBS Savings,Food & Drinks,coffee & tea,"10,000",0,CLP,"10,000",CLP,
8/13/25,DBS Savings,Home & Utilities,gastos comunes,"225,922",0,CLP,"225,922",CLP,
8/13/25,DBS Savings,Food & Drinks,restaurants,"11,960",0,CLP,"11,960",CLP,
8/14/25,DBS Savings,Transport,taxi,"6,391",0,CLP,"6,391",CLP,
8/14/25,DBS Savings,Transport,taxi,"7,186",0,CLP,"7,186",CLP,
8/15/25,DBS Savings,Transport,taxi,"6,853",0,CLP,"6,853",CLP,
8/15/25,DBS Savings,Health & Personal Care,manicure/pedicure,"29,150",0,CLP,"29,150",CLP,
8/15/25,DBS Savings,Food & Drinks,coffee & tea,"5,280",0,CLP,"5,280",CLP,
8/15/25,DBS Savings,Food & Drinks,restaurants,"17,320",0,CLP,"17,320",CLP,
8/16/25,DBS Savings,Food & Drinks,restaurants,"8,267",0,CLP,"8,267",CLP,
8/16/25,DBS Savings,Food & Drinks,restaurants,"37,840",0,CLP,"37,840",CLP,
8/16/25,DBS Savings,Transport,taxi,"3,593",0,CLP,"3,593",CLP,
8/16/25,DBS Savings,Food & Drinks,coffee & tea,"10,000",0,CLP,"10,000",CLP,
8/16/25,DBS Savings,Health & Personal Care,cosmetics,"48,970",0,CLP,"48,970",CLP,Makeup restock and new lipstick
8/17/25,DBS Savings,Food & Drinks,groceries,"27,041",0,CLP,"27,041",CLP,
8/17/25,DBS Savings,Transport,scooter,850,0,CLP,850,CLP,
8/17/25,DBS Savings,Transport,scooter,"3,125",0,CLP,"3,125",CLP,Lime scooter
8/17/25,DBS Savings,Transport,scooter,"3,125",0,CLP,"3,125",CLP,
8/17/25,DBS Savings,Transport,scooter,"1,025",0,CLP,"1,025",CLP,
8/18/25,DBS Savings,Transport,taxi,"7,398",0,CLP,"7,398",CLP,
8/19/25,DBS Savings,Food & Drinks,coffee & tea,"10,000",0,CLP,"10,000",CLP,
8/19/25,DBS Savings,Food & Drinks,restaurants,"10,092",0,CLP,"10,092",CLP,
8/19/25,DBS Savings,Transport,taxi,"6,123",0,CLP,"6,123",CLP,
8/20/25,DBS Savings,Food & Drinks,groceries,"27,138",0,CLP,"27,138",CLP,
8/20/25,DBS Savings,Food & Drinks,restaurants,"18,340",0,CLP,"18,340",CLP,
8/20/25,DBS Savings,Clothing & Footwear,accessories,"22,987",0,CLP,"22,987",CLP,Laptop structured tote
8/21/25,DBS Savings,Food & Drinks,groceries,"26,990",0,CLP,"26,990",CLP,
8/21/25,DBS Savings,Education,books/library,0.99,0,USD,961.00,CLP,Audible one month subscription on discount. Five audiobooks!!
8/21/25,DBS Savings,Food & Drinks,coffee & tea,"4,500",0,CLP,"4,500",CLP,Batard
8/21/25,DBS Savings,Education,AI,990,0,CLP,990,CLP,iCloud 
8/22/25,DBS Savings,Food & Drinks,restaurants,"12,460",0,CLP,"12,460",CLP,
8/23/25,DBS Savings,Food & Drinks,restaurants,"9,889",0,CLP,"9,889",CLP,
8/23/25,DBS Savings,Food & Drinks,coffee & tea,"10,000",0,CLP,"10,000",CLP,
8/24/25,DBS Savings,Health & Personal Care,cosmetics,"14,790",0,CLP,"14,790",CLP,Azelaic acid 
8/24/25,DBS Savings,Food & Drinks,groceries,"3,500",0,CLP,"3,500",CLP,
8/25/25,DBS Savings,Health & Personal Care,medical services,"7,050",0,CLP,"7,050",CLP,Doctor consult - after reimbursement 
8/25/25,DBS Savings,Food & Drinks,restaurants,"7,357",0,CLP,"7,357",CLP,
8/25/25,DBS Savings,Health & Personal Care,medicine,"6,063",0,CLP,"6,063",CLP,
8/25/25,DBS Savings,Health & Personal Care,medicine,"21,279",0,CLP,"21,279",CLP,
8/26/25,DBS Savings,Food & Drinks,restaurants,"10,389",0,CLP,"10,389",CLP,
8/26/25,DBS Savings,Food & Drinks,coffee & tea,"3,615",0,CLP,"3,615",CLP,Starbucks
8/27/25,DBS Savings,Transport,taxi,"7,091",0,CLP,"7,091",CLP,
8/27/25,DBS Savings,Leisure,apps,"9,980",0,CLP,"9,980",CLP,Dating app
8/27/25,DBS Savings,Food & Drinks,groceries,"35,765",0,CLP,"35,765",CLP,
8/28/25,DBS Savings,Food & Drinks,coffee & tea,"4,340",0,CLP,"4,340",CLP,
8/28/25,DBS Savings,Transport,travel card,"4,000",0,CLP,"4,000",CLP,
8/28/25,DBS Savings,Food & Drinks,restaurants,"13,392",0,CLP,"13,392",CLP,Office lunch
8/28/25,DBS Savings,Transport,taxi,"7,197",0,CLP,"7,197",CLP,
8/29/25,DBS Savings,Food & Drinks,coffee & tea,"15,000",0,CLP,"15,000",CLP,
8/29/25,DBS Savings,Transport,taxi,"7,914",0,CLP,"7,914",CLP,
8/29/25,DBS Savings,Food & Drinks,coffee & tea,"4,340",0,CLP,"4,340",CLP,
8/29/25,DBS Savings,Food & Drinks,groceries,"3,500",0,CLP,"3,500",CLP,
8/29/25,DBS Savings,Health & Personal Care,medical services,"136,259",0,CLP,"136,259",CLP,Invisalign payment installments
8/30/25,DBS Savings,Food & Drinks,restaurants,"12,141",0,CLP,"12,141",CLP,
8/30/25,DBS Savings,Leisure,movies & TV,9.91,0,SGD,"7,460.00",CLP,Netflix
8/30/25,DBS Savings,Health & Personal Care,medicine,"11,491",0,CLP,"11,491",CLP,Lexapro
8/31/25,DBS Savings,Food & Drinks,coffee & tea,"9,680",0,CLP,"9,680",CLP,
8/31/25,DBS Savings,Food & Drinks,restaurants,"15,774",0,CLP,"15,774",CLP,
9/1/25,DBS Savings,Food & Drinks,restaurants,"8,245",0,CLP,"8,245",CLP,
9/1/25,DBS Savings,Home & Utilities,home improvement,"17,980",0,CLP,"17,980",CLP,Replace bathroom mat
9/1/25,DBS Savings,Health & Personal Care,gym/exercise,"158,000",0,CLP,"158,000",CLP,VFIT gym
9/1/25,DBS Savings,Home & Utilities,rent,"904,507",0,CLP,"904,507",CLP,
9/2/25,DBS Savings,Food & Drinks,coffee & tea,"5,000",0,CLP,"5,000",CLP,
9/2/25,DBS Savings,Health & Personal Care,medicine,"18,490",0,CLP,"18,490",CLP,Contact lens solution and floss 
9/2/25,DBS Savings,Food & Drinks,coffee & tea,"4,340",0,CLP,"4,340",CLP,
9/2/25,DBS Savings,Transport,taxi,"5,718",0,CLP,"5,718",CLP,
9/2/25,DBS Savings,Transport,taxi,"6,005",0,CLP,"6,005",CLP,
9/3/25,DBS Savings,Transport,taxi,"4,567",0,CLP,"4,567",CLP,
9/3/25,DBS Savings,Transport,travel card,"4,000",0,CLP,"4,000",CLP,
9/3/25,DBS Savings,Food & Drinks,groceries,"22,368",0,CLP,"22,368",CLP,
9/4/25,DBS Savings,Food & Drinks,coffee & tea,"4,363",0,CLP,"4,363",CLP,
9/4/25,DBS Savings,Food & Drinks,coffee & tea,"2,840",0,CLP,"2,840",CLP,
9/4/25,DBS Savings,Food & Drinks,restaurants,"10,989",0,CLP,"10,989",CLP,
9/5/25,DBS Savings,Clothing & Footwear,accessories,"27,600",0,CLP,"27,600",CLP,Ring and ear cuff
9/5/25,DBS Savings,Food & Drinks,restaurants,"7,037",0,CLP,"7,037",CLP,
9/5/25,DBS Savings,Food & Drinks,alcohol,"54,439",0,CLP,"54,439",CLP,
9/5/25,DBS Savings,Clothing & Footwear,clothes,"12,500",0,CLP,"12,500",CLP,Tailoring clothes alteration
9/5/25,DBS Savings,Health & Personal Care,massage,"25,200",0,CLP,"25,200",CLP,Foot massage
9/6/25,DBS Savings,Transport,taxi,"5,901",0,CLP,"5,901",CLP,
9/6/25,DBS Savings,Food & Drinks,restaurants,"7,490",0,CLP,"7,490",CLP,
9/6/25,DBS Savings,Leisure,events,"6,720",0,CLP,"6,720",CLP,Luna en lesbos
9/6/25,DBS Savings,Food & Drinks,alcohol,"36,300",0,CLP,"36,300",CLP,Luna en Lesbos 
9/6/25,DBS Savings,Education,AI,5.00,0,USD,"4,824.00",CLP,Medium
9/6/25,DBS Savings,Education,AI,23.80,0,USD,"22,961.00",CLP,ChatGPT
9/6/25,DBS Savings,Transport,taxi,"4,500",0,CLP,"4,500",CLP,
9/7/25,DBS Savings,Food & Drinks,coffee & tea,"5,830",0,CLP,"5,830",CLP,
9/7/25,DBS Savings,Home & Utilities,utilities,"18,290",0,CLP,"18,290",CLP,
9/7/25,DBS Savings,Home & Utilities,internet,"26,967",0,CLP,"26,967",CLP,
9/7/25,DBS Savings,Food & Drinks,restaurants,"12,251",0,CLP,"12,251",CLP,
9/8/25,DBS Savings,Food & Drinks,groceries,"56,907",0,CLP,"56,907",CLP,
9/8/25,DBS Savings,Food & Drinks,restaurants,"17,660",0,CLP,"17,660",CLP,
9/8/25,DBS Savings,Food & Drinks,coffee & tea,"5,500",0,CLP,"5,500",CLP,
9/9/25,DBS Savings,Food & Drinks,coffee & tea,"10,000",0,CLP,"10,000",CLP,
9/9/25,DBS Savings,Food & Drinks,restaurants,"14,980",0,CLP,"14,980",CLP,
9/9/25,DBS Savings,Transport,taxi,"4,593",0,CLP,"4,593",CLP,
9/9/25,DBS Savings,Home & Utilities,gastos comunes,"221,577",0,CLP,"221,577",CLP,
9/9/25,DBS Savings,Food & Drinks,restaurants,"7,127",0,CLP,"7,127",CLP,
9/9/25,DBS Savings,Food & Drinks,coffee & tea,"4,340",0,CLP,"4,340",CLP,
9/10/25,DBS Savings,Food & Drinks,restaurants,"9,250",0,CLP,"9,250",CLP,
9/11/25,DBS Savings,Food & Drinks,coffee & tea,"5,709",0,CLP,"5,709",CLP,
9/11/25,DBS Savings,Transport,taxi,"5,315",0,CLP,"5,315",CLP,
9/12/25,DBS Savings,Food & Drinks,groceries,"1,995",0,CLP,"1,995",CLP,Uber One
9/12/25,DBS Savings,Transport,travel,30.00,0,USD,"28,646.00",CLP,Costa Rica visa processing fee
9/12/25,DBS Savings,Transport,taxi,"4,930",0,CLP,"4,930",CLP,
9/13/25,DBS Savings,Food & Drinks,restaurants,"7,657",0,CLP,"7,657",CLP,
9/13/25,DBS Savings,Transport,travel card,"9,000",0,CLP,"9,000",CLP,
9/13/25,DBS Savings,Food & Drinks,coffee & tea,"7,777",0,CLP,"7,777",CLP,
9/13/25,DBS Savings,Food & Drinks,restaurants,"9,279",0,CLP,"9,279",CLP,
9/14/25,DBS Savings,Food & Drinks,restaurants,"12,469",0,CLP,"12,469",CLP,
9/14/25,DBS Savings,Food & Drinks,restaurants,"30,178",0,CLP,"30,178",CLP,
9/14/25,DBS Savings,Food & Drinks,coffee & tea,"10,000",0,CLP,"10,000",CLP,
9/15/25,DBS Savings,Education,AI,"2,990",0,CLP,"2,990",CLP,Bear pro 
9/15/25,DBS Savings,Food & Drinks,groceries,"19,106",0,CLP,"19,106",CLP,
9/16/25,DBS Savings,Food & Drinks,coffee & tea,"4,810",0,CLP,"4,810",CLP,
9/16/25,DBS Savings,Health & Personal Care,medical services,"2,356",0,CLP,"2,356",CLP,ENT consult
9/16/25,DBS Savings,Transport,taxi,"6,296",0,CLP,"6,296",CLP,
9/17/25,DBS Savings,Health & Personal Care,medical services,"136,259",0,CLP,"136,259",CLP,Invisalign
9/17/25,DBS Savings,Food & Drinks,coffee & tea,"10,000",0,CLP,"10,000",CLP,
9/17/25,DBS Savings,Food & Drinks,restaurants,"12,469",0,CLP,"12,469",CLP,
9/17/25,DBS Savings,Leisure,events,"8,000",0,CLP,"8,000",CLP,Club de Lelas fonda
9/19/25,DBS Savings,Food & Drinks,restaurants,"29,828",0,CLP,"29,828",CLP,
9/19/25,DBS Savings,Food & Drinks,coffee & tea,"10,000",0,CLP,"10,000",CLP,
9/19/25,DBS Savings,Leisure,games,"8,270",0,CLP,"8,270",CLP,Steam games on discount
9/20/25,DBS Savings,Food & Drinks,restaurants,"13,500",0,CLP,"13,500",CLP,
9/20/25,DBS Savings,Clothing & Footwear,clothes,"74,850",0,CLP,"74,850",CLP,Maroa clothes on sale
9/20/25,DBS Savings,Health & Personal Care,manicure/pedicure,"26,500",0,CLP,"26,500",CLP,
9/21/25,DBS Savings,Food & Drinks,restaurants,"7,657",0,CLP,"7,657",CLP,
9/21/25,DBS Savings,Food & Drinks,restaurants,"15,198",0,CLP,"15,198",CLP,
9/21/25,DBS Savings,Education,AI,990,0,CLP,990,CLP,iCloud
9/21/25,DBS Savings,Food & Drinks,coffee & tea,"4,500",0,CLP,"4,500",CLP,
9/21/25,DBS Savings,Food & Drinks,coffee & tea,"5,280",0,CLP,"5,280",CLP,
9/22/25,DBS Savings,Health & Personal Care,medical services,"2,048",0,CLP,"2,048",CLP,Gynaecology 
9/22/25,DBS Savings,Transport,travel card,"4,000",0,CLP,"4,000",CLP,
9/22/25,DBS Savings,Food & Drinks,restaurants,"17,660",0,CLP,"17,660",CLP,
9/23/25,DBS Savings,Transport,taxi,"10,409",0,CLP,"10,409",CLP,
9/23/25,DBS Savings,Transport,taxi,"3,400",0,CLP,"3,400",CLP,
9/23/25,DBS Savings,Food & Drinks,coffee & tea,"5,000",0,CLP,"5,000",CLP,
9/23/25,DBS Savings,Food & Drinks,groceries,"6,500",0,CLP,"6,500",CLP,Office food
9/23/25,DBS Savings,Food & Drinks,coffee & tea,"3,280",0,CLP,"3,280",CLP,
9/24/25,DBS Savings,Food & Drinks,groceries,"3,500",0,CLP,"3,500",CLP,
9/24/25,DBS Savings,Food & Drinks,groceries,"5,557",0,CLP,"5,557",CLP,
9/24/25,DBS Savings,Food & Drinks,restaurants,"9,449",0,CLP,"9,449",CLP,Alma vegan
9/25/25,DBS Savings,Food & Drinks,restaurants,"7,715",0,CLP,"7,715",CLP,
9/26/25,DBS Savings,Food & Drinks,restaurants,"13,310",0,CLP,"13,310",CLP,
9/26/25,DBS Savings,Leisure,events,"45,200",0,CLP,"45,200",CLP,Cake for silent book club anniversary
9/26/25,DBS Savings,Food & Drinks,restaurants,"12,670",0,CLP,"12,670",CLP,
9/27/25,DBS Savings,Transport,travel card,"4,000",0,CLP,"4,000",CLP,
9/27/25,DBS Savings,Clothing & Footwear,shoes,"18,560",0,CLP,"18,560",CLP,Home slippers -replacement
9/27/25,DBS Savings,Food & Drinks,coffee & tea,"4,500",0,CLP,"4,500",CLP,
9/27/25,DBS Savings,Leisure,events,"13,000",0,CLP,"13,000",CLP,VFIT fonda event + 500 park entry fee
9/27/25,DBS Savings,Transport,taxi,"4,841",0,CLP,"4,841",CLP,
9/27/25,DBS Savings,Health & Personal Care,cosmetics,"16,235",0,CLP,"16,235",CLP,Sunscreen for the summer
9/28/25,DBS Savings,Food & Drinks,groceries,"33,507",0,CLP,"33,507",CLP,
9/28/25,DBS Savings,Food & Drinks,coffee & tea,"5,500",0,CLP,"5,500",CLP,
9/28/25,DBS Savings,Food & Drinks,coffee & tea,"10,000",0,CLP,"10,000",CLP,
9/28/25,DBS Savings,Leisure,books,"13,000",0,CLP,"13,000",CLP,Bought my friends book Rutas Saficas to support her. It’s a red light purchase!! 
9/28/25,DBS Savings,Transport,taxi,"4,094",0,CLP,"4,094",CLP,
9/28/25,DBS Savings,Food & Drinks,restaurants,"15,297",0,CLP,"15,297",CLP,
9/29/25,DBS Savings,Food & Drinks,restaurants,"10,190",0,CLP,"10,190",CLP,
9/30/25,DBS Savings,Food & Drinks,restaurants,"17,660",0,CLP,"17,660",CLP,
9/30/25,DBS Savings,Health & Personal Care,medical services,"1,822",0,CLP,"1,822",CLP,Shoulder traumatólogo
9/30/25,DBS Savings,Health & Personal Care,medical services,"4,136",0,CLP,"4,136",CLP,X-ray and ultrasound for shoulder
9/30/25,DBS Savings,Health & Personal Care,medical services,"69,040",0,CLP,"69,040",CLP,To reimburse
10/1/25,DBS Savings,Health & Personal Care,gym/exercise,"158,000",0,CLP,"158,000",CLP,VFIT gym
10/1/25,DBS Savings,Transport,travel card,"4,000",0,CLP,"4,000",CLP,
10/1/25,DBS Savings,Food & Drinks,coffee & tea,"4,950",0,CLP,"4,950",CLP,
10/2/25,DBS Savings,Home & Utilities,rent,"904,507",0,CLP,"904,507",CLP,
10/2/25,DBS Savings,Transport,taxi,"4,992",0,CLP,"4,992",CLP,
10/2/25,DBS Savings,Health & Personal Care,medical services,"39,463",0,CLP,"39,463",CLP,Implanon - 80% reimbursed!
10/2/25,DBS Savings,Food & Drinks,restaurants,"19,580",0,CLP,"19,580",CLP,
10/2/25,DBS Savings,Transport,taxi,"2,260",0,CLP,"2,260",CLP,
10/2/25,DBS Savings,Health & Personal Care,medical services,"4,675",0,CLP,"4,675",CLP,Insertion Implanon
10/2/25,DBS Savings,Transport,taxi,"5,310",0,CLP,"5,310",CLP,
10/2/25,DBS Savings,Food & Drinks,coffee & tea,"5,000",0,CLP,"5,000",CLP,
10/3/25,DBS Savings,Transport,taxi,"7,975",0,CLP,"7,975",CLP,
10/3/25,DBS Savings,Food & Drinks,groceries,"59,448",0,CLP,"59,448",CLP,
10/3/25,DBS Savings,Food & Drinks,restaurants,"9,889",0,CLP,"9,889",CLP,
10/3/25,DBS Savings,Food & Drinks,coffee & tea,"4,500",0,CLP,"4,500",CLP,
10/3/25,DBS Savings,Food & Drinks,restaurants,"13,959",0,CLP,"13,959",CLP,
10/3/25,DBS Savings,Food & Drinks,groceries,"1,990",0,CLP,"1,990",CLP,
10/3/25,DBS Savings,Health & Personal Care,medical services,"2,356",0,CLP,"2,356",CLP,Travel doctor 
10/3/25,DBS Savings,Home & Utilities,utilities,"17,728",0,CLP,"17,728",CLP,
10/3/25,DBS Savings,Food & Drinks,coffee & tea,"4,200",0,CLP,"4,200",CLP,
10/4/25,DBS Savings,Food & Drinks,coffee & tea,"10,000",0,CLP,"10,000",CLP,
10/4/25,DBS Savings,Health & Personal Care,cosmetics,"34,990",0,CLP,"34,990",CLP,Perfume refill Natura
10/4/25,DBS Savings,Clothing & Footwear,underwear,"41,980",0,CLP,"41,980",CLP,Bloody green menstrual underwear
10/4/25,DBS Savings,Food & Drinks,restaurants,"9,349",0,CLP,"9,349",CLP,
10/5/25,DBS Savings,Transport,taxi,"6,392",0,CLP,"6,392",CLP,
10/5/25,DBS Savings,Food & Drinks,restaurants,"23,058",0,CLP,"23,058",CLP,
10/5/25,DBS Savings,Food & Drinks,restaurants,"5,304",0,CLP,"5,304",CLP,
10/6/25,DBS Savings,Food & Drinks,restaurants,"7,990",0,CLP,"7,990",CLP,
10/6/25,DBS Savings,Transport,travel card,"4,000",0,CLP,"4,000",CLP,
10/6/25,DBS Savings,Food & Drinks,coffee & tea,"10,000",0,CLP,"10,000",CLP,
10/6/25,DBS Savings,Transport,taxi,"7,326",0,CLP,"7,326",CLP,
10/6/25,DBS Savings,Home & Utilities,home improvement,"11,022",0,CLP,"11,022",CLP,Toilet scrub replacement
10/7/25,DBS Savings,Food & Drinks,restaurants,"17,660",0,CLP,"17,660",CLP,
10/7/25,DBS Savings,Food & Drinks,coffee & tea,"5,940",0,CLP,"5,940",CLP,
10/7/25,DBS Savings,Health & Personal Care,medicine,"20,018",0,CLP,"20,018",CLP,Nuvaring
10/7/25,DBS Savings,Food & Drinks,restaurants,"8,994",0,CLP,"8,994",CLP,
10/8/25,DBS Savings,Food & Drinks,groceries,"6,020",0,CLP,"6,020",CLP,
10/8/25,DBS Savings,Food & Drinks,restaurants,"9,349",0,CLP,"9,349",CLP,
10/8/25,DBS Savings,Food & Drinks,coffee & tea,"3,420",0,CLP,"3,420",CLP,
10/9/25,DBS Savings,Food & Drinks,coffee & tea,"4,290",0,CLP,"4,290",CLP,
10/9/25,DBS Savings,Leisure,games,"27,980",0,CLP,"27,980",CLP,Paint by color Impulse purchase
10/9/25,DBS Savings,Food & Drinks,groceries,"41,980",0,CLP,"41,980",CLP,Not Milk
10/9/25,DBS Savings,Food & Drinks,restaurants,"17,660",0,CLP,"17,660",CLP,
10/10/25,DBS Savings,Home & Utilities,internet,"26,098",0,CLP,"26,098",CLP,
10/10/25,DBS Savings,Transport,taxi,"4,697",0,CLP,"4,697",CLP,
10/10/25,DBS Savings,Food & Drinks,restaurants,"8,690",0,CLP,"8,690",CLP,
10/10/25,DBS Savings,Food & Drinks,coffee & tea,"10,000",0,CLP,"10,000",CLP,
10/11/25,DBS Savings,Food & Drinks,alcohol,"7,800",0,CLP,"7,800",CLP,
10/11/25,DBS Savings,Food & Drinks,alcohol,"34,485",0,CLP,"34,485",CLP,
10/11/25,DBS Savings,Food & Drinks,coffee & tea,"6,270",0,CLP,"6,270",CLP,
10/11/25,DBS Savings,Transport,taxi,"5,076",0,CLP,"5,076",CLP,
10/11/25,DBS Savings,Transport,taxi,"4,194",0,CLP,"4,194",CLP,
10/11/25,DBS Savings,Leisure,events,"8,960",0,CLP,"8,960",CLP,Luna en Lesbos
10/11/25,DBS Savings,Food & Drinks,restaurants,"5,076",0,CLP,"5,076",CLP,
10/12/25,DBS Savings,Education,books/library,"24,050",0,CLP,"24,050",CLP,Silent Book Club bookmarks
10/12/25,DBS Savings,Food & Drinks,coffee & tea,"10,000",0,CLP,"10,000",CLP,
10/12/25,DBS Savings,Transport,taxi,"4,696",0,CLP,"4,696",CLP,
10/12/25,DBS Savings,Transport,travel card,"4,000",0,CLP,"4,000",CLP,
10/12/25,DBS Savings,Education,AI,"2,990",0,CLP,"2,990",CLP,Bear Pro
10/12/25,DBS Savings,Food & Drinks,groceries,"36,075",0,CLP,"36,075",CLP,
10/12/25,DBS Savings,Food & Drinks,groceries,"1,995",0,CLP,"1,995",CLP,Uber One
10/12/25,DBS Savings,Transport,taxi,"5,892",0,CLP,"5,892",CLP,
10/12/25,DBS Savings,Food & Drinks,restaurants,"6,031",0,CLP,"6,031",CLP,
10/13/25,DBS Savings,Food & Drinks,coffee & tea,"4,340",0,CLP,"4,340",CLP,
10/13/25,DBS Savings,Transport,taxi,"6,559",0,CLP,"6,559",CLP,
10/13/25,DBS Savings,Food & Drinks,restaurants,"9,889",0,CLP,"9,889",CLP,
10/14/25,DBS Savings,Leisure,events,"22,600",0,CLP,"22,600",CLP,Comedy night Diego Urrutia
10/14/25,DBS Savings,Food & Drinks,restaurants,"6,962",0,CLP,"6,962",CLP,
10/14/25,DBS Savings,Transport,taxi,"5,495",0,CLP,"5,495",CLP,
10/14/25,DBS Savings,Transport,taxi,"8,566",0,CLP,"8,566",CLP,
10/15/25,DBS Savings,Health & Personal Care,medical services,"1,634",0,CLP,"1,634",CLP,Kine 
10/15/25,DBS Savings,Food & Drinks,restaurants,"9,349",0,CLP,"9,349",CLP,
10/16/25,DBS Savings,Food & Drinks,coffee & tea,"1,200",0,CLP,"1,200",CLP,
10/16/25,DBS Savings,Transport,taxi,"4,459",0,CLP,"4,459",CLP,
10/16/25,DBS Savings,Transport,taxi,"6,729",0,CLP,"6,729",CLP,
10/17/25,DBS Savings,Transport,taxi,"8,347",0,CLP,"8,347",CLP,
10/17/25,DBS Savings,Food & Drinks,restaurants,"9,300",0,CLP,"9,300",CLP,
10/17/25,DBS Savings,Transport,taxi,"5,002",0,CLP,"5,002",CLP,
10/17/25,DBS Savings,Food & Drinks,restaurants,"6,068",0,CLP,"6,068",CLP,
10/17/25,DBS Savings,Food & Drinks,groceries,"8,000",0,CLP,"8,000",CLP,
10/18/25,DBS Savings,Health & Personal Care,medical services,"35,196",0,CLP,"35,196",CLP,Stomach flu reimburse
10/18/25,DBS Savings,Health & Personal Care,medicine,"24,969",0,CLP,"24,969",CLP,
10/18/25,DBS Savings,Home & Utilities,gastos comunes,"239,845",0,CLP,"239,845",CLP,
10/19/25,DBS Savings,Food & Drinks,coffee & tea,"4,180",0,CLP,"4,180",CLP,
10/20/25,DBS Savings,Food & Drinks,groceries,"6,784",0,CLP,"6,784",CLP,
10/20/25,DBS Savings,Food & Drinks,coffee & tea,"10,000",0,CLP,"10,000",CLP,
10/20/25,DBS Savings,Clothing & Footwear,clothes,"14,630",0,CLP,"14,630",CLP,Second hand skirt
10/20/25,DBS Savings,Health & Personal Care,medical services,"136,259",0,CLP,"136,259",CLP,Invisalign payment
10/21/25,DBS Savings,Transport,taxi,"8,381",0,CLP,"8,381",CLP,
10/21/25,DBS Savings,Education,AI,990,0,CLP,990,CLP,iCloud
10/21/25,DBS Savings,Transport,travel card,"4,000",0,CLP,"4,000",CLP,
10/21/25,DBS Savings,Food & Drinks,restaurants,"35,318",0,CLP,"35,318",CLP,
10/21/25,DBS Savings,Health & Personal Care,medicine,"19,741",0,CLP,"19,741",CLP,Probiotics
10/21/25,DBS Savings,Food & Drinks,groceries,"2,700",0,CLP,"2,700",CLP,
10/22/25,DBS Savings,Transport,taxi,"5,395",0,CLP,"5,395",CLP,
10/22/25,DBS Savings,Food & Drinks,restaurants,"2,500",0,CLP,"2,500",CLP,
10/22/25,DBS Savings,Health & Personal Care,cosmetics,"46,260",0,CLP,"46,260",CLP,Natura replacements and sunscreen
10/23/25,DBS Savings,Health & Personal Care,medicine,"11,491",0,CLP,"11,491",CLP,Lexapro
10/25/25,DBS Savings,Leisure,events,"22,600",0,CLP,"22,600",CLP,Comedy
11/1/25,DBS Savings,Transport,travel,500.00,0,CAD,"350,777.00",CLP,Costa Rica trip
11/3/25,DBS Savings,Transport,airplane,"427,503",0,CLP,"427,503",CLP,LATAM Flights
11/3/25,DBS Savings,Transport,travel,"1,591.95",0,USD,"1,608,030.00",CLP,Costa Rica trip!!
11/4/25,DBS Savings,Transport,airplane,280.00,0,USD,"282,828.00",CLP,Costa Rica flight
2/14/25,DBS Savings,From Dubai,,0,"2,978.00",USD,"2,832,644.00",CLP,
3/3/25,DBS Savings,Other,,0,"158,730",CLP,"158,730",CLP,Silent Book Club
3/12/25,DBS Savings,Other,,0,"96,200",CLP,"96,200",CLP,Silent Book Club
4/25/25,DBS Savings,Salary,BHP,0,"4,252,287",CLP,"4,252,287",CLP,
5/23/25,DBS Savings,Salary,BHP,0,"3,354,858",CLP,"3,354,858",CLP,
5/26/25,DBS Savings,Other,,0,"150,000",CLP,"150,000",CLP,Silent Book Club Bookfluencers
5/31/25,DBS Savings,Other,,0,"4,343,412",CLP,"4,343,412",CLP,Tax return
6/25/25,DBS Savings,Salary,BHP,0,"4,217,609",CLP,"4,217,609",CLP,
7/4/25,DBS Savings,Other,,0,"70,000",CLP,"70,000",CLP,Parking rent
7/25/25,DBS Savings,Salary,BHP,0,"6,162,765",CLP,"6,162,765",CLP,
8/5/25,DBS Savings,Other,,0,"70,000",CLP,"70,000",CLP,Parking
8/23/25,DBS Savings,Salary,BHP,0,"4,296,082",CLP,"4,296,082",CLP,
9/1/25,DBS Savings,Other,,0,"70,000",CLP,"70,000",CLP,Parking
9/25/25,DBS Savings,Salary,BHP,0,"6,385,283",CLP,"6,385,283",CLP,
10/4/25,DBS Savings,Other,,0,"70,000",CLP,"70,000",CLP,Parking
